"cnpj","nome","cidade","estado","produto","valor","data_cadastro"
"62,780,000,102.00","AUTO POSTO PARATI","TRES LAGOAS","MS","Gasolina C Comum","4.436","6/28/2018 17:49"
"62,780,000,102.00","AUTO POSTO PARATI","TRES LAGOAS","MS","Etanol","3.482","6/28/2018 17:49"
"62,780,000,102.00","AUTO POSTO PARATI","TRES LAGOAS","MS","Diesel S500","3.644","6/28/2018 17:49"
"62,780,000,102.00","AUTO POSTO PARATI","TRES LAGOAS","MS","Diesel S10","3.734","6/28/2018 17:49"
"300,357,000,195.00","POSTO E TRANSPORTADORA PEGORARO","COXIM","MS","Gasolina C Comum","4.349","12/9/2018 19:06"
"300,357,000,195.00","POSTO E TRANSPORTADORA PEGORARO","COXIM","MS","Etanol","3.599","12/9/2018 19:06"
"300,357,000,195.00","POSTO E TRANSPORTADORA PEGORARO","COXIM","MS","Diesel S500","3.499","12/9/2018 19:06"
"300,357,000,195.00","POSTO E TRANSPORTADORA PEGORARO","COXIM","MS","Diesel S10","3.599","12/9/2018 19:06"
"360,990,000,179.00","POSTO DOS ANOES LTDA","BRASILIA","DF","Gasolina C Comum","4.289","28/11/2018 09:34"
"360,990,000,179.00","POSTO DOS ANOES LTDA","BRASILIA","DF","Etanol","3.49","28/11/2018 09:34"
"360,990,000,179.00","POSTO DOS ANOES LTDA","BRASILIA","DF","Diesel S10","4.05","28/11/2018 09:34"
"480,284,000,160.00","POSTO CENTRAL","SAO LUIS","MA","Gasolina C Comum","4.169","13/11/2018 15:13"
"480,284,000,160.00","POSTO CENTRAL","SAO LUIS","MA","Diesel S10","3.659","13/11/2018 15:13"
"593,430,000,164.00","AUTO POSTO BRINATI","MACHADINHO D'OESTE","RO","Gasolina C Comum","4.8","7/4/2018 17:51"
"593,430,000,164.00","AUTO POSTO BRINATI","MACHADINHO D'OESTE","RO","Diesel S500","3.78","7/4/2018 17:51"
"593,430,000,245.00","AUTO POSTO BRINATI","MACHADINHO D'OESTE","RO","Gasolina C Comum","4.8","8/6/2018 18:01"
"593,430,000,245.00","AUTO POSTO BRINATI","MACHADINHO D'OESTE","RO","Diesel S500","3.81","8/6/2018 18:01"
"601,701,000,186.00","AUTO POSTO SANTA ROSA","IVINHEMA","MS","Gasolina C Comum","4.49","6/28/2019 16:21"
"601,701,000,186.00","AUTO POSTO SANTA ROSA","IVINHEMA","MS","Etanol","3.29","6/28/2019 16:21"
"601,701,000,186.00","AUTO POSTO SANTA ROSA","IVINHEMA","MS","Diesel S500","3.69","6/28/2019 16:21"
"601,701,000,186.00","AUTO POSTO SANTA ROSA","IVINHEMA","MS","Diesel S10","3.79","6/28/2019 16:21"
"860,197,000,139.00","POSTO NOSSA SENHORA DA CONCEICAO","CAMPO GRANDE","MS","Gasolina C Comum","4.258","21/11/2018 11:42"
"860,197,000,139.00","POSTO NOSSA SENHORA DA CONCEICAO","CAMPO GRANDE","MS","Etanol","3.299","21/11/2018 11:42"
"860,197,000,139.00","POSTO NOSSA SENHORA DA CONCEICAO","CAMPO GRANDE","MS","Diesel S500","3.599","21/11/2018 11:42"
"860,197,000,139.00","POSTO NOSSA SENHORA DA CONCEICAO","CAMPO GRANDE","MS","Diesel S10","3.699","21/11/2018 11:42"
"976,256,000,139.00","CEU 070 COMBUSTIVEIS LTDA","BRASILIA","DF","Gasolina C Comum","4.687","10/9/2018 16:51"
"976,256,000,139.00","CEU 070 COMBUSTIVEIS LTDA","BRASILIA","DF","Diesel S500","3.799","10/9/2018 16:51"
"976,256,000,139.00","CEU 070 COMBUSTIVEIS LTDA","BRASILIA","DF","Diesel S10","3.899","10/9/2018 16:51"
"976,256,000,139.00","CEU 070 COMBUSTIVEIS LTDA","BRASILIA","DF","Etanol","3.299","10/9/2018 16:51"
"1,088,431,000,114.00","POSTO SAMBAREIA","DEMERVAL LOBAO","PI","Gasolina C Comum","4.649","5/27/2019 9:20"
"1,088,431,000,114.00","POSTO SAMBAREIA","DEMERVAL LOBAO","PI","Diesel S500","3.599","5/27/2019 9:20"
"1,088,431,000,114.00","POSTO SAMBAREIA","DEMERVAL LOBAO","PI","Diesel S10","3.649","5/27/2019 9:20"
"1,109,449,000,155.00","RODOCAMP AUTO SERVICE LTDA","CAMPINAS","SP","Gasolina C Comum","4.299","1/23/2019 14:57"
"1,109,449,000,155.00","RODOCAMP AUTO SERVICE LTDA","CAMPINAS","SP","GNV","2.999","2/19/2019 11:52"
"1,109,449,000,155.00","RODOCAMP AUTO SERVICE LTDA","CAMPINAS","SP","Diesel S500","3.599","1/23/2019 14:57"
"1,109,449,000,155.00","RODOCAMP AUTO SERVICE LTDA","CAMPINAS","SP","Diesel S10","3.699","1/23/2019 14:57"
"1,109,449,000,155.00","RODOCAMP AUTO SERVICE LTDA","CAMPINAS","SP","Etanol","2.899","2/19/2019 11:52"
"1,138,114,000,165.00","POSTO JK","CRISTALINA","GO","Gasolina C Comum","4.79","19/11/2019 19:56"
"1,138,114,000,165.00","POSTO JK","CRISTALINA","GO","Etanol","3.17","18/11/2019 12:37"
"1,138,114,000,165.00","POSTO JK","CRISTALINA","GO","Diesel S500","3.83","19/11/2019 19:56"
"1,138,114,000,165.00","POSTO JK","CRISTALINA","GO","Diesel S10","3.89","19/11/2019 19:56"
"1,182,484,000,108.00","POSTO CHAPARRAL","PIRES DO RIO","GO","Gasolina C Comum","4.72","8/10/2018 17:08"
"1,182,484,000,108.00","POSTO CHAPARRAL","PIRES DO RIO","GO","Etanol","2.99","8/10/2018 17:08"
"1,182,484,000,108.00","POSTO CHAPARRAL","PIRES DO RIO","GO","Diesel S500","3.49","8/10/2018 17:08"
"1,182,484,000,108.00","POSTO CHAPARRAL","PIRES DO RIO","GO","Diesel S10","3.59","8/10/2018 17:08"
"1,240,986,000,130.00","POSTO FERROVIARIO","MARABA","PA","Gasolina C Comum","4.59","7/31/2019 17:44"
"1,240,986,000,130.00","POSTO FERROVIARIO","MARABA","PA","Diesel S500","3.69","7/31/2019 17:44"
"1,240,986,000,130.00","POSTO FERROVIARIO","MARABA","PA","Diesel S10","3.79","7/31/2019 17:44"
"1,308,133,000,273.00","POSTO TRES FAZENDAS","SAO JOSE DOS PINHAIS","PR","Gasolina C Comum","4.39","9/25/2018 9:18"
"1,308,133,000,273.00","POSTO TRES FAZENDAS","SAO JOSE DOS PINHAIS","PR","Diesel S500","3.47","9/25/2018 9:18"
"1,308,133,000,273.00","POSTO TRES FAZENDAS","SAO JOSE DOS PINHAIS","PR","Diesel S10","3.57","9/25/2018 9:18"
"1,332,532,000,199.00","AUTO POSTO MILENIO LTDA","CAMPO GRANDE","MS","Gasolina C Comum","4.099","4/15/2019 19:18"
"1,332,532,000,199.00","AUTO POSTO MILENIO LTDA","CAMPO GRANDE","MS","Etanol","3.299","4/15/2019 19:18"
"1,332,532,000,199.00","AUTO POSTO MILENIO LTDA","CAMPO GRANDE","MS","Diesel S10","3.599","4/15/2019 19:18"
"1,392,476,000,188.00","POSTO MODELO","CATAGUASES","MG","Gasolina C Comum","4.849","4/17/2019 16:21"
"1,392,476,000,188.00","POSTO MODELO","CATAGUASES","MG","Etanol","3.299","4/17/2019 16:21"
"1,392,476,000,188.00","POSTO MODELO","CATAGUASES","MG","Diesel S500","3.699","4/17/2019 16:21"
"1,392,476,000,188.00","POSTO MODELO","CATAGUASES","MG","Diesel S10","3.799","4/17/2019 16:21"
"1,416,988,000,137.00","POSTO 10","TERESINA","PI","Gasolina C Comum","4.399","6/17/2019 11:12"
"1,416,988,000,137.00","POSTO 10","TERESINA","PI","Diesel S500","3.499","6/17/2019 11:12"
"1,416,988,000,137.00","POSTO 10","TERESINA","PI","Diesel S10","3.529","6/17/2019 11:12"
"1,416,988,000,137.00","POSTO 10","TERESINA","PI","Etanol","3.319","6/17/2019 11:12"
"1,443,559,000,159.00","ROGER SOUZA DA SILVA","PINHEIRO MACHADO","RS","Gasolina C Comum","4.799","6/14/2019 18:23"
"1,443,559,000,159.00","ROGER SOUZA DA SILVA","PINHEIRO MACHADO","RS","Diesel S500","3.479","6/14/2019 18:23"
"1,443,559,000,159.00","ROGER SOUZA DA SILVA","PINHEIRO MACHADO","RS","Diesel S10","3.549","6/14/2019 18:23"
"1,574,763,000,109.00","AUTO POSTO MUTUM LTDA","RIBAS DO RIO PARDO","MS","Gasolina C Comum","4.646","7/11/2018 10:01"
"1,574,763,000,109.00","AUTO POSTO MUTUM LTDA","RIBAS DO RIO PARDO","MS","Etanol","3.456","7/11/2018 10:01"
"1,574,763,000,109.00","AUTO POSTO MUTUM LTDA","RIBAS DO RIO PARDO","MS","Diesel S500","3.346","7/11/2018 10:01"
"1,574,763,000,109.00","AUTO POSTO MUTUM LTDA","RIBAS DO RIO PARDO","MS","Diesel S10","3.406","7/11/2018 10:01"
"1,575,816,000,106.00","AUTO POSTO RIO ARAGUAIA","PAU D'ARCO","TO","Gasolina C Comum","4.99","5/29/2019 13:54"
"1,575,816,000,106.00","AUTO POSTO RIO ARAGUAIA","PAU D'ARCO","TO","Diesel S500","3.8","5/29/2019 13:54"
"1,575,816,000,106.00","AUTO POSTO RIO ARAGUAIA","PAU D'ARCO","TO","Diesel S10","3.85","5/29/2019 13:54"
"1,828,198,000,169.00","POSTO DE SERVICOS CIDADE DO MAR","CAPAO DA CANOA","RS","Gasolina C Comum","4.39","7/22/2019 12:34"
"1,828,198,000,169.00","POSTO DE SERVICOS CIDADE DO MAR","CAPAO DA CANOA","RS","Diesel S500","3.44","9/20/2019 9:25"
"1,828,198,000,169.00","POSTO DE SERVICOS CIDADE DO MAR","CAPAO DA CANOA","RS","Diesel S10","3.49","9/20/2019 9:25"
"1,828,198,000,169.00","POSTO DE SERVICOS CIDADE DO MAR","CAPAO DA CANOA","RS","Etanol","4.69","4/21/2019 13:10"
"1,935,272,000,146.00","POSTOS MOURA","BELO JARDIM","PE","Gasolina C Comum","4.439","7/4/2018 15:28"
"1,935,272,000,146.00","POSTOS MOURA","BELO JARDIM","PE","Etanol","3.499","7/4/2018 15:28"
"1,935,272,000,146.00","POSTOS MOURA","BELO JARDIM","PE","Diesel S500","3.369","7/4/2018 15:28"
"1,935,272,000,146.00","POSTOS MOURA","BELO JARDIM","PE","Diesel S10","3.389","7/4/2018 15:28"
"2,056,229,000,173.00","POSTO FRANKLIN REZENDE LTDA","ARACUAI","MG","Gasolina C Comum","5.48","16/10/2018 09:58"
"2,056,229,000,173.00","POSTO FRANKLIN REZENDE LTDA","ARACUAI","MG","Etanol","3.48","16/10/2018 09:58"
"2,056,229,000,173.00","POSTO FRANKLIN REZENDE LTDA","ARACUAI","MG","Diesel S500","4.07","16/10/2018 09:58"
"2,056,229,000,173.00","POSTO FRANKLIN REZENDE LTDA","ARACUAI","MG","Diesel S10","4.12","16/10/2018 09:58"
"2,078,330,000,125.00","SAO MARTINHO AUTO SERVICE LTDA","CAMPINAS","SP","Gasolina C Comum","4.099","1/23/2019 14:56"
"2,078,330,000,125.00","SAO MARTINHO AUTO SERVICE LTDA","CAMPINAS","SP","Etanol","2.799","1/29/2019 10:54"
"2,078,330,000,125.00","SAO MARTINHO AUTO SERVICE LTDA","CAMPINAS","SP","Diesel S500","3.599","1/23/2019 14:56"
"2,078,330,000,125.00","SAO MARTINHO AUTO SERVICE LTDA","CAMPINAS","SP","Diesel S10","3.699","1/23/2019 14:56"
"2,308,408,000,150.00","POSTO DE COMBUSTIVEL DA FIGUEIRA EIRELI","VIAMAO","RS","Gasolina C Comum","4.299","10/10/2019 17:08"
"2,308,408,000,150.00","POSTO DE COMBUSTIVEL DA FIGUEIRA EIRELI","VIAMAO","RS","Etanol","3.899","10/10/2019 17:08"
"2,308,408,000,150.00","POSTO DE COMBUSTIVEL DA FIGUEIRA EIRELI","VIAMAO","RS","GNV","3.599","10/10/2019 17:08"
"2,308,408,000,150.00","POSTO DE COMBUSTIVEL DA FIGUEIRA EIRELI","VIAMAO","RS","Diesel S500","3.699","10/10/2019 17:08"
"2,308,408,000,150.00","POSTO DE COMBUSTIVEL DA FIGUEIRA EIRELI","VIAMAO","RS","Diesel S10","3.799","10/10/2019 17:08"
"2,308,408,000,231.00","POSTO DA FIGUEIRA II","VIAMAO","RS","Gasolina C Comum","4.399","14/10/2019 15:17"
"2,308,408,000,231.00","POSTO DA FIGUEIRA II","VIAMAO","RS","Diesel S500","3.699","14/10/2019 15:17"
"2,308,408,000,231.00","POSTO DA FIGUEIRA II","VIAMAO","RS","Diesel S10","3.799","14/10/2019 15:17"
"2,315,421,000,137.00","POSTO 1350 LTDA","ITAJAI","SC","Gasolina C Comum","3.799","8/14/2018 12:18"
"2,315,421,000,137.00","POSTO 1350 LTDA","ITAJAI","SC","Etanol","3.299","8/14/2018 12:18"
"2,315,421,000,137.00","POSTO 1350 LTDA","ITAJAI","SC","Diesel S10","3.299","8/14/2018 12:18"
"2,433,811,000,101.00","POSTO NAVES","FIGUEIROPOLIS","TO","Gasolina C Comum","4.899","7/11/2018 12:43"
"2,433,811,000,101.00","POSTO NAVES","FIGUEIROPOLIS","TO","Etanol","3.899","7/11/2018 12:43"
"2,433,811,000,101.00","POSTO NAVES","FIGUEIROPOLIS","TO","Diesel S500","3.639","7/11/2018 12:43"
"2,433,811,000,101.00","POSTO NAVES","FIGUEIROPOLIS","TO","Diesel S10","3.739","7/11/2018 12:43"
"2,446,327,000,389.00","POSTO HP 2","MORAUJO","CE","Gasolina C Comum","4.97","5/23/2019 12:57"
"2,446,327,000,389.00","POSTO HP 2","MORAUJO","CE","Etanol","3.94","5/23/2019 12:57"
"2,446,327,000,389.00","POSTO HP 2","MORAUJO","CE","Diesel S500","3.85","5/23/2019 12:57"
"2,446,327,000,389.00","POSTO HP 2","MORAUJO","CE","Diesel S10","3.89","5/23/2019 12:57"
"2,455,511,000,123.00","AUTO POSTO 020","FORMOSA","GO","Gasolina C Comum","4.399","9/17/2019 16:18"
"2,455,511,000,123.00","AUTO POSTO 020","FORMOSA","GO","Etanol","2.999","26/11/2019 11:52"
"2,455,511,000,123.00","AUTO POSTO 020","FORMOSA","GO","Diesel S500","3.659","11/5/2019 15:47"
"2,455,511,000,123.00","AUTO POSTO 020","FORMOSA","GO","Diesel S10","3.699","11/5/2019 15:47"
"2,513,158,000,190.00","POSTO HS","PORANGATU","GO","Gasolina C Comum","4.79","10/8/2019 9:26"
"2,513,158,000,190.00","POSTO HS","PORANGATU","GO","Etanol","3.09","10/8/2019 9:26"
"2,513,158,000,190.00","POSTO HS","PORANGATU","GO","Diesel S500","3.99","10/8/2019 9:26"
"2,513,158,000,190.00","POSTO HS","PORANGATU","GO","Diesel S10","4.09","10/8/2019 9:26"
"2,562,482,000,107.00","AUTO POSTO ITAMARATY LEME LTDA","LEME","SP","Gasolina C Comum","4.089","14/10/2019 15:23"
"2,562,482,000,107.00","AUTO POSTO ITAMARATY LEME LTDA","LEME","SP","Etanol","2.599","14/10/2019 15:23"
"2,646,144,000,145.00","AUTO POSTO NOVO CENTRO LTDA","SAO PAULO","SP","Gasolina C Comum","4.049","22/11/2019 11:36"
"2,646,144,000,145.00","AUTO POSTO NOVO CENTRO LTDA","SAO PAULO","SP","Etanol","2.799","22/11/2019 11:36"
"2,646,144,000,145.00","AUTO POSTO NOVO CENTRO LTDA","SAO PAULO","SP","Diesel S10","3.599","22/11/2019 11:36"
"2,737,116,000,133.00","AUTO POSTO RIO BRANCO DE ANDRADAS LTDA","ANDRADAS","MG","Gasolina C Comum","4.799","22/11/2019 15:02"
"2,737,116,000,133.00","AUTO POSTO RIO BRANCO DE ANDRADAS LTDA","ANDRADAS","MG","Etanol","2.949","26/11/2019 18:18"
"2,737,116,000,133.00","AUTO POSTO RIO BRANCO DE ANDRADAS LTDA","ANDRADAS","MG","Diesel S500","3.749","9/19/2019 15:44"
"2,737,116,000,133.00","AUTO POSTO RIO BRANCO DE ANDRADAS LTDA","ANDRADAS","MG","Diesel S10","3.789","9/19/2019 15:44"
"2,770,298,000,144.00","POSTO PALMITO","SORRISO","MT","Gasolina C Comum","4.96","5/6/2019 12:03"
"2,770,298,000,144.00","POSTO PALMITO","SORRISO","MT","Etanol","3.15","5/6/2019 12:03"
"2,770,298,000,144.00","POSTO PALMITO","SORRISO","MT","Diesel S500","4.1","5/6/2019 12:03"
"2,770,298,000,144.00","POSTO PALMITO","SORRISO","MT","Diesel S10","4.2","5/6/2019 12:03"
"2,930,356,000,150.00","AUTO POSTO TOCANTINS","GUARAI","TO","Gasolina C Comum","4.799","7/13/2018 12:02"
"2,930,356,000,150.00","AUTO POSTO TOCANTINS","GUARAI","TO","Diesel S500","3.449","7/13/2018 12:02"
"2,930,356,000,150.00","AUTO POSTO TOCANTINS","GUARAI","TO","Diesel S10","3.499","7/13/2018 12:02"
"3,006,726,000,120.00","POSTO PILOTO","CAMPO GRANDE","MS","Gasolina C Comum","4.097","6/29/2018 10:10"
"3,006,726,000,120.00","POSTO PILOTO","CAMPO GRANDE","MS","Etanol","3.297","6/29/2018 10:10"
"3,006,726,000,120.00","POSTO PILOTO","CAMPO GRANDE","MS","Diesel S10","3.587","6/29/2018 10:10"
"3,096,030,000,131.00","POSTO ALTO ALEGRE","ALTO ALEGRE DOS PARECIS","RO","Gasolina C Comum","4.85","7/11/2018 9:33"
"3,096,030,000,131.00","POSTO ALTO ALEGRE","ALTO ALEGRE DOS PARECIS","RO","Diesel S500","3.75","7/11/2018 9:33"
"3,096,030,000,131.00","POSTO ALTO ALEGRE","ALTO ALEGRE DOS PARECIS","RO","Diesel S10","3.8","7/11/2018 9:33"
"3,121,901,000,120.00","POSTO SAVANA","CAMPO GRANDE","MS","Gasolina C Comum","4.199","7/5/2018 10:38"
"3,121,901,000,120.00","POSTO SAVANA","CAMPO GRANDE","MS","Etanol","2.999","7/6/2018 8:42"
"3,121,901,000,120.00","POSTO SAVANA","CAMPO GRANDE","MS","Diesel S500","3.39","7/5/2018 10:38"
"3,121,901,000,120.00","POSTO SAVANA","CAMPO GRANDE","MS","Diesel S10","3.49","7/5/2018 10:38"
"3,200,588,000,115.00","POSTO SAFRA LTDA","CHAPECO","SC","Gasolina C Comum","4.449","9/25/2018 8:59"
"3,200,588,000,115.00","POSTO SAFRA LTDA","CHAPECO","SC","Diesel S500","3.399","9/25/2018 8:59"
"3,200,588,000,115.00","POSTO SAFRA LTDA","CHAPECO","SC","Diesel S10","3.469","9/25/2018 8:59"
"3,572,731,000,108.00","GLOBO COMBUSTIVEIS","SERTANOPOLIS","PR","Gasolina C Comum","4.649","7/12/2018 9:21"
"3,572,731,000,108.00","GLOBO COMBUSTIVEIS","SERTANOPOLIS","PR","Etanol","2.99","7/12/2018 9:21"
"3,572,731,000,108.00","GLOBO COMBUSTIVEIS","SERTANOPOLIS","PR","Diesel S500","3.33","7/12/2018 9:21"
"3,572,731,000,108.00","GLOBO COMBUSTIVEIS","SERTANOPOLIS","PR","Diesel S10","3.42","7/12/2018 9:21"
"3,572,866,000,165.00","AUTO POSTO POROROCA XV","CAMPO GRANDE","MS","Gasolina C Comum","3.999","13/12/2018 15:04"
"3,572,866,000,165.00","AUTO POSTO POROROCA XV","CAMPO GRANDE","MS","Etanol","2.999","13/12/2018 15:04"
"3,572,866,000,165.00","AUTO POSTO POROROCA XV","CAMPO GRANDE","MS","Diesel S500","3.499","13/12/2018 15:04"
"3,572,866,000,165.00","AUTO POSTO POROROCA XV","CAMPO GRANDE","MS","Diesel S10","3.599","13/12/2018 15:04"
"3,734,859,000,112.00","POSTO UNIAO","SANTO ANTONIO DE PADUA","RJ","Gasolina C Comum","5.399","10/9/2018 11:25"
"3,734,859,000,112.00","POSTO UNIAO","SANTO ANTONIO DE PADUA","RJ","Etanol","3.499","10/9/2018 11:25"
"3,734,859,000,112.00","POSTO UNIAO","SANTO ANTONIO DE PADUA","RJ","Diesel S500","3.75","10/9/2018 11:25"
"3,734,859,000,112.00","POSTO UNIAO","SANTO ANTONIO DE PADUA","RJ","Diesel S10","3.85","10/9/2018 11:25"
"3,754,107,000,113.00","AUTO POSTO IRMAOS LEITE","JARU","RO","Diesel S500","4.28","25/11/2019 16:24"
"3,754,107,000,113.00","AUTO POSTO IRMAOS LEITE","JARU","RO","Diesel S10","4.38","25/11/2019 16:24"
"3,754,107,000,113.00","AUTO POSTO IRMAOS LEITE","JARU","RO","Gasolina C Comum","4.85","25/11/2019 16:24"
"3,754,107,000,113.00","AUTO POSTO IRMAOS LEITE","JARU","RO","Etanol","3.99","9/18/2019 8:14"
"3,763,006,000,109.00","AUTO POSTO PUMA","SAO MIGUEL DO GUAPORE","RO","Gasolina C Comum","4.85","6/29/2018 16:28"
"3,763,006,000,109.00","AUTO POSTO PUMA","SAO MIGUEL DO GUAPORE","RO","Etanol","4.29","6/29/2018 16:28"
"3,763,006,000,109.00","AUTO POSTO PUMA","SAO MIGUEL DO GUAPORE","RO","Diesel S500","3.79","6/29/2018 16:28"
"3,763,006,000,109.00","AUTO POSTO PUMA","SAO MIGUEL DO GUAPORE","RO","Diesel S10","3.84","6/29/2018 16:28"
"3,807,435,000,130.00","AUTO POSTO PEROBINHA","NOVA ANDRADINA","MS","Gasolina C Comum","4.599","9/19/2019 15:22"
"3,807,435,000,130.00","AUTO POSTO PEROBINHA","NOVA ANDRADINA","MS","Etanol","3.599","7/30/2019 15:24"
"3,807,435,000,130.00","AUTO POSTO PEROBINHA","NOVA ANDRADINA","MS","Diesel S500","3.699","9/19/2019 15:22"
"3,807,435,000,130.00","AUTO POSTO PEROBINHA","NOVA ANDRADINA","MS","Diesel S10","3.799","9/19/2019 15:22"
"3,822,836,000,160.00","POSTO EUROGAZ","DUQUE DE CAXIAS","RJ","Gasolina C Comum","4.99","7/12/2018 15:51"
"3,822,836,000,160.00","POSTO EUROGAZ","DUQUE DE CAXIAS","RJ","Etanol","3.49","7/12/2018 15:51"
"3,822,836,000,160.00","POSTO EUROGAZ","DUQUE DE CAXIAS","RJ","GNV","2.799","7/12/2018 15:51"
"3,822,836,000,160.00","POSTO EUROGAZ","DUQUE DE CAXIAS","RJ","Diesel S10","3.53","7/12/2018 15:51"
"3,914,236,000,121.00","RALLY AUTO POSTO","TAQUARITINGA","SP","Gasolina C Comum","4.399","19/11/2019 09:00"
"3,914,236,000,121.00","RALLY AUTO POSTO","TAQUARITINGA","SP","Etanol","2.959","19/11/2019 09:00"
"3,914,236,000,121.00","RALLY AUTO POSTO","TAQUARITINGA","SP","Diesel S500","3.569","19/11/2019 09:00"
"3,914,236,000,121.00","RALLY AUTO POSTO","TAQUARITINGA","SP","Diesel S10","3.629","19/11/2019 09:00"
"3,922,066,000,127.00","POSTO F1 RACING LTDA","ITABORAI","RJ","Gasolina C Comum","4.799","9/13/2019 14:30"
"3,922,066,000,127.00","POSTO F1 RACING LTDA","ITABORAI","RJ","Etanol","3.999","9/13/2019 14:30"
"3,922,066,000,127.00","POSTO F1 RACING LTDA","ITABORAI","RJ","GNV","3.099","9/13/2019 14:30"
"3,922,066,000,127.00","POSTO F1 RACING LTDA","ITABORAI","RJ","Diesel S500","3.699","9/13/2019 14:30"
"3,922,066,000,127.00","POSTO F1 RACING LTDA","ITABORAI","RJ","Diesel S10","3.799","9/13/2019 14:30"
"3,927,792,000,132.00","POSTO CARRETAO","CACERES","MT","Gasolina C Comum","4.73","9/19/2018 18:26"
"3,927,792,000,132.00","POSTO CARRETAO","CACERES","MT","Etanol","2.95","9/19/2018 18:26"
"3,927,792,000,132.00","POSTO CARRETAO","CACERES","MT","Diesel S500","3.92","9/19/2018 18:26"
"3,927,792,000,132.00","POSTO CARRETAO","CACERES","MT","Diesel S10","3.99","9/19/2018 18:26"
"4,138,490,000,148.00","POSTO CANADA","FORTALEZA","CE","Gasolina C Comum","4.699","5/29/2019 11:47"
"4,138,490,000,148.00","POSTO CANADA","FORTALEZA","CE","Etanol","3.999","5/29/2019 11:47"
"4,138,490,000,148.00","POSTO CANADA","FORTALEZA","CE","Diesel S10","3.999","5/29/2019 11:47"
"4,142,464,000,193.00","POSTO PONTAL SUL LTDA","MORTUGABA","BA","Gasolina C Comum","4.809","8/27/2019 11:12"
"4,142,464,000,193.00","POSTO PONTAL SUL LTDA","MORTUGABA","BA","Etanol","3.399","8/27/2019 11:12"
"4,142,464,000,193.00","POSTO PONTAL SUL LTDA","MORTUGABA","BA","Diesel S500","3.699","8/27/2019 11:12"
"4,142,464,000,193.00","POSTO PONTAL SUL LTDA","MORTUGABA","BA","Diesel S10","3.799","8/27/2019 11:12"
"4,253,381,000,171.00","POSTO MAGUARI LTDA","BELEM","PA","Gasolina C Comum","4.599","8/29/2018 12:12"
"4,253,381,000,171.00","POSTO MAGUARI LTDA","BELEM","PA","Etanol","3.499","8/29/2018 12:12"
"4,253,381,000,171.00","POSTO MAGUARI LTDA","BELEM","PA","Diesel S10","3.599","8/29/2018 12:12"
"4,528,732,000,100.00","POSTO NOVA BARRA LTDA","BARRA DO PIRAI","RJ","Gasolina C Comum","5.299","4/25/2019 17:14"
"4,528,732,000,100.00","POSTO NOVA BARRA LTDA","BARRA DO PIRAI","RJ","Etanol","4.299","4/25/2019 17:14"
"4,528,732,000,100.00","POSTO NOVA BARRA LTDA","BARRA DO PIRAI","RJ","GNV","3.599","4/25/2019 17:14"
"4,528,732,000,100.00","POSTO NOVA BARRA LTDA","BARRA DO PIRAI","RJ","Diesel S500","3.799","4/25/2019 17:14"
"4,528,732,000,100.00","POSTO NOVA BARRA LTDA","BARRA DO PIRAI","RJ","Diesel S10","3.899","4/25/2019 17:14"
"4,528,732,000,371.00","POSTO NOVA PIRAI","PIRAI","RJ","Gasolina C Comum","499","8/16/2019 11:39"
"4,528,732,000,371.00","POSTO NOVA PIRAI","PIRAI","RJ","Etanol","389","8/16/2019 11:39"
"4,528,732,000,371.00","POSTO NOVA PIRAI","PIRAI","RJ","GNV","349","8/16/2019 11:39"
"4,528,732,000,371.00","POSTO NOVA PIRAI","PIRAI","RJ","Diesel S500","349","8/16/2019 11:39"
"4,528,732,000,371.00","POSTO NOVA PIRAI","PIRAI","RJ","Diesel S10","359","8/16/2019 11:39"
"4,552,469,000,194.00","POSTO LIMA","IGARAPE-ACU","PA","Gasolina C Comum","4.45","9/5/2019 9:09"
"4,552,469,000,194.00","POSTO LIMA","IGARAPE-ACU","PA","Diesel S500","3.7","9/5/2019 9:09"
"4,552,469,000,194.00","POSTO LIMA","IGARAPE-ACU","PA","Diesel S10","3.75","9/5/2019 9:09"
"4,624,593,000,118.00","C JUSTINIANO ROCHA & CIA LTDA.","LUCIARA","MT","Gasolina C Comum","550","6/14/2019 10:28"
"4,624,593,000,118.00","C JUSTINIANO ROCHA & CIA LTDA.","LUCIARA","MT","Etanol","360","6/14/2019 10:28"
"4,624,593,000,118.00","C JUSTINIANO ROCHA & CIA LTDA.","LUCIARA","MT","Diesel S500","445","6/14/2019 10:28"
"4,624,593,000,118.00","C JUSTINIANO ROCHA & CIA LTDA.","LUCIARA","MT","Diesel S10","455","6/14/2019 10:28"
"4,643,904,000,277.00","AUTO POSTO OZIVAL LTDA","MANAUS","AM","Gasolina C Comum","3.98","14/12/2018 12:52"
"4,687,124,000,148.00","AUTO POSTO BURITIS","BURITIS","RO","Gasolina C Comum","4.89","12/7/2018 13:10"
"4,687,124,000,148.00","AUTO POSTO BURITIS","BURITIS","RO","Etanol","4.23","12/7/2018 13:10"
"4,687,124,000,148.00","AUTO POSTO BURITIS","BURITIS","RO","Diesel S500","3.93","12/7/2018 13:10"
"4,687,124,000,148.00","AUTO POSTO BURITIS","BURITIS","RO","Diesel S10","4.03","12/7/2018 13:10"
"4,687,124,000,229.00","AUTO POSTO MODELO","BURITIS","RO","Gasolina C Comum","4.89","12/7/2018 13:11"
"4,687,124,000,229.00","AUTO POSTO MODELO","BURITIS","RO","Etanol","4.23","12/7/2018 13:11"
"4,687,124,000,229.00","AUTO POSTO MODELO","BURITIS","RO","Diesel S500","3.93","12/7/2018 13:11"
"4,687,124,000,229.00","AUTO POSTO MODELO","BURITIS","RO","Diesel S10","4.03","12/7/2018 13:11"
"4,716,311,000,102.00","POSTO GARITAO","LAVRAS","MG","Gasolina C Comum","4.298","13/11/2019 11:41"
"4,716,311,000,102.00","POSTO GARITAO","LAVRAS","MG","Etanol","4.288","13/11/2019 11:41"
"4,716,311,000,102.00","POSTO GARITAO","LAVRAS","MG","Diesel S500","3.938","13/11/2019 11:41"
"4,716,311,000,102.00","POSTO GARITAO","LAVRAS","MG","Diesel S10","3.998","13/11/2019 11:41"
"4,785,105,000,154.00","VALENCA AUTO SERVICE LTDA.","CAMPINAS","SP","Gasolina C Comum","4.099","1/29/2019 10:55"
"4,785,105,000,154.00","VALENCA AUTO SERVICE LTDA.","CAMPINAS","SP","Etanol","2.799","12/4/2018 11:01"
"4,785,105,000,154.00","VALENCA AUTO SERVICE LTDA.","CAMPINAS","SP","Diesel S500","3.599","1/23/2019 15:05"
"4,785,105,000,154.00","VALENCA AUTO SERVICE LTDA.","CAMPINAS","SP","Diesel S10","3.699","1/23/2019 15:05"
"4,816,108,000,108.00","POSTO PALACIO GUANABARA LTDA","RIO DE JANEIRO","RJ","Gasolina C Comum","5.099","25/11/2019 09:46"
"4,816,108,000,108.00","POSTO PALACIO GUANABARA LTDA","RIO DE JANEIRO","RJ","Etanol","4.399","25/11/2019 09:46"
"4,816,108,000,108.00","POSTO PALACIO GUANABARA LTDA","RIO DE JANEIRO","RJ","Diesel S10","3.999","25/11/2019 09:46"
"4,816,108,000,108.00","POSTO PALACIO GUANABARA LTDA","RIO DE JANEIRO","RJ","GNV","3.199","25/11/2019 09:46"
"4,825,319,000,107.00","POSTO AUTOCAR","ITAJAI","SC","Gasolina C Comum","3.779","8/14/2018 12:52"
"4,825,319,000,107.00","POSTO AUTOCAR","ITAJAI","SC","Etanol","3.099","8/14/2018 12:52"
"4,825,319,000,107.00","POSTO AUTOCAR","ITAJAI","SC","Diesel S10","3.398","8/14/2018 12:52"
"4,878,675,000,199.00","AUTO POSTO SAO CRISTOVAO","POUSO ALEGRE","MG","Gasolina C Comum","5.094","10/1/2018 17:10"
"4,878,675,000,199.00","AUTO POSTO SAO CRISTOVAO","POUSO ALEGRE","MG","Etanol","3.096","10/1/2018 17:10"
"4,878,675,000,199.00","AUTO POSTO SAO CRISTOVAO","POUSO ALEGRE","MG","Diesel S500","3.79","10/1/2018 17:10"
"4,878,675,000,199.00","AUTO POSTO SAO CRISTOVAO","POUSO ALEGRE","MG","Diesel S10","3.85","10/1/2018 17:10"
"4,879,407,000,191.00","POSTO SANTA CRUZ","RIO DE JANEIRO","RJ","GNV","2.849","7/1/2019 17:27"
"4,982,983,000,160.00","POSTO 10","CORUMBA","MS","Gasolina C Comum","4.68","20/11/2019 11:06"
"4,982,983,000,160.00","POSTO 10","CORUMBA","MS","Etanol","3.79","20/11/2019 11:06"
"4,982,983,000,160.00","POSTO 10","CORUMBA","MS","Diesel S500","3.98","20/11/2019 11:06"
"4,982,983,000,160.00","POSTO 10","CORUMBA","MS","Diesel S10","4.01","20/11/2019 11:06"
"5,037,623,000,152.00","AUTO POSTO TIO SAM LTDA","MUNDO NOVO","MS","Gasolina C Comum","4.499","13/11/2019 13:57"
"5,037,623,000,152.00","AUTO POSTO TIO SAM LTDA","MUNDO NOVO","MS","Etanol","3.599","13/11/2019 13:57"
"5,037,623,000,152.00","AUTO POSTO TIO SAM LTDA","MUNDO NOVO","MS","Diesel S500","3.389","13/11/2019 13:57"
"5,037,623,000,152.00","AUTO POSTO TIO SAM LTDA","MUNDO NOVO","MS","Diesel S10","3.479","13/11/2019 13:57"
"5,037,623,000,152.00","AUTO POSTO TIO SAM LTDA","MUNDO NOVO","MS","GNV","0.001","9/20/2019 13:24"
"5,134,573,000,121.00","POSTO ALFEMAR","CAMPINAS","SP","Gasolina C Comum","4.097","8/27/2019 11:12"
"5,134,573,000,121.00","POSTO ALFEMAR","CAMPINAS","SP","Etanol","2.797","8/27/2019 11:12"
"5,134,573,000,121.00","POSTO ALFEMAR","CAMPINAS","SP","Diesel S10","3.397","8/27/2019 11:12"
"5,210,064,000,130.00","AUTO POSTO PETROMINAS","FERNANDOPOLIS","SP","Gasolina C Comum","4.379","5/30/2019 16:04"
"5,210,064,000,130.00","AUTO POSTO PETROMINAS","FERNANDOPOLIS","SP","Etanol","2.799","5/30/2019 16:04"
"5,210,064,000,130.00","AUTO POSTO PETROMINAS","FERNANDOPOLIS","SP","Diesel S500","3.599","5/30/2019 16:04"
"5,210,064,000,130.00","AUTO POSTO PETROMINAS","FERNANDOPOLIS","SP","Diesel S10","3.699","5/30/2019 16:04"
"5,333,676,000,110.00","POSTO FABRO","GETULIO VARGAS","RS","Diesel S500","3.719","31/10/2019 15:30"
"5,333,676,000,110.00","POSTO FABRO","GETULIO VARGAS","RS","Diesel S10","3.819","31/10/2019 15:30"
"5,333,676,000,110.00","POSTO FABRO","GETULIO VARGAS","RS","Gasolina C Comum","4.699","31/10/2019 15:30"
"5,357,865,000,123.00","BAIRRO NOVO AUTO POSTO LTDA","PORTO VELHO","RO","Gasolina C Comum","4.249","2/22/2019 12:11"
"5,357,865,000,123.00","BAIRRO NOVO AUTO POSTO LTDA","PORTO VELHO","RO","Diesel S10","3.799","1/22/2019 17:17"
"5,374,546,000,126.00","POSTO TITAN","MACAE","RJ","Gasolina C Comum","3.94","9/17/2019 10:44"
"5,374,546,000,126.00","POSTO TITAN","MACAE","RJ","Etanol","3.97","9/17/2019 10:44"
"5,374,546,000,126.00","POSTO TITAN","MACAE","RJ","Diesel S500","3.65","9/17/2019 10:44"
"5,374,546,000,126.00","POSTO TITAN","MACAE","RJ","Diesel S10","3.75","9/17/2019 10:44"
"5,593,306,000,112.00","AUTO POSTO JOWAL","MACHADINHO D'OESTE","RO","Gasolina C Comum","4.49","3/21/2019 15:36"
"5,593,306,000,112.00","AUTO POSTO JOWAL","MACHADINHO D'OESTE","RO","Etanol","4.43","3/21/2019 15:36"
"5,593,306,000,112.00","AUTO POSTO JOWAL","MACHADINHO D'OESTE","RO","Diesel S500","3.94","3/21/2019 15:36"
"5,593,306,000,112.00","AUTO POSTO JOWAL","MACHADINHO D'OESTE","RO","Diesel S10","4.01","3/21/2019 15:36"
"5,675,515,000,105.00","POSTO CENTRO SUL","PALMAS","PR","Gasolina C Comum","4.56","7/16/2018 11:13"
"5,675,515,000,105.00","POSTO CENTRO SUL","PALMAS","PR","Etanol","3.18","7/16/2018 11:13"
"5,675,515,000,105.00","POSTO CENTRO SUL","PALMAS","PR","Diesel S10","3.35","7/16/2018 11:13"
"5,843,222,000,190.00","POSTO BARREIRINHAS","TUCURUI","PA","Gasolina C Comum","5.17","10/8/2018 17:13"
"5,843,222,000,190.00","POSTO BARREIRINHAS","TUCURUI","PA","Diesel S10","4.16","10/8/2018 17:13"
"5,892,767,000,196.00","POSTO RIO VERDE","ITAGUACU DA BAHIA","BA","Gasolina C Comum","4.49","7/25/2019 21:52"
"5,892,767,000,196.00","POSTO RIO VERDE","ITAGUACU DA BAHIA","BA","Etanol","3.39","7/25/2019 21:52"
"5,892,767,000,196.00","POSTO RIO VERDE","ITAGUACU DA BAHIA","BA","Diesel S500","3.55","7/25/2019 21:52"
"5,892,767,000,196.00","POSTO RIO VERDE","ITAGUACU DA BAHIA","BA","Diesel S10","3.59","7/25/2019 21:52"
"6,039,710,000,101.00","L V L COMÉRCIO DE COMBUSTÍVEIS LTDA.","BOM PRINCIPIO","RS","Gasolina C Comum","4.399","8/22/2018 18:28"
"6,039,710,000,101.00","L V L COMÉRCIO DE COMBUSTÍVEIS LTDA.","BOM PRINCIPIO","RS","Diesel S500","3.099","8/22/2018 18:28"
"6,039,710,000,101.00","L V L COMÉRCIO DE COMBUSTÍVEIS LTDA.","BOM PRINCIPIO","RS","Diesel S10","3.149","8/22/2018 18:28"
"6,050,724,000,126.00","POSTO MOREIRA","VILA BOA","GO","Gasolina C Comum","4.999","10/3/2018 20:16"
"6,050,724,000,126.00","POSTO MOREIRA","VILA BOA","GO","Etanol","2.999","10/3/2018 19:13"
"6,050,724,000,126.00","POSTO MOREIRA","VILA BOA","GO","Diesel S500","3.849","10/3/2018 19:13"
"6,250,226,000,127.00","POSTO DE COMBUSTIVEIS MARAVILHA D IMBE LTDA","IMBE","RS","Gasolina C Comum","3.947","23/10/2019 15:59"
"6,250,226,000,127.00","POSTO DE COMBUSTIVEIS MARAVILHA D IMBE LTDA","IMBE","RS","Etanol","3.128","23/10/2019 15:59"
"6,250,226,000,127.00","POSTO DE COMBUSTIVEIS MARAVILHA D IMBE LTDA","IMBE","RS","Diesel S500","3.099","23/10/2019 15:59"
"6,255,176,000,170.00","POSTO CIDADE","CAMPO GRANDE","MS","Gasolina C Comum","4.099","26/11/2019 11:05"
"6,255,176,000,170.00","POSTO CIDADE","CAMPO GRANDE","MS","Etanol","3.399","26/11/2019 11:05"
"6,255,176,000,170.00","POSTO CIDADE","CAMPO GRANDE","MS","Diesel S10","3.799","26/11/2019 11:05"
"6,269,773,000,154.00","REVENDEDORA SOPETRO LTDA","SAO LUIS","MA","Gasolina C Comum","4.799","23/10/2019 14:54"
"6,269,773,000,154.00","REVENDEDORA SOPETRO LTDA","SAO LUIS","MA","Diesel S10","3.899","23/10/2019 14:54"
"6,294,288,000,130.00","POSTO KATIA LOCATELLI","CAMPO GRANDE","MS","Gasolina C Comum","4.147","25/11/2019 16:44"
"6,294,288,000,130.00","POSTO KATIA LOCATELLI","CAMPO GRANDE","MS","Etanol","3.497","18/11/2019 18:03"
"6,294,288,000,130.00","POSTO KATIA LOCATELLI","CAMPO GRANDE","MS","Diesel S500","3.777","25/11/2019 16:44"
"6,294,288,000,130.00","POSTO KATIA LOCATELLI","CAMPO GRANDE","MS","Diesel S10","3.797","10/7/2019 17:59"
"6,302,616,000,101.00","POSTO TEXACO KENNEDY","SAO LUIS","MA","Gasolina C Comum","4.659","24/10/2019 12:23"
"6,302,616,000,101.00","POSTO TEXACO KENNEDY","SAO LUIS","MA","Etanol","3.399","24/10/2019 12:23"
"6,302,616,000,101.00","POSTO TEXACO KENNEDY","SAO LUIS","MA","Diesel S10","3.999","24/10/2019 12:23"
"6,303,970,000,142.00","AUTO POSTO PONTE METÁLICA","GUARATINGUETA","SP","Gasolina C Comum","3.999","10/8/2019 16:40"
"6,303,970,000,142.00","AUTO POSTO PONTE METÁLICA","GUARATINGUETA","SP","Etanol","2.799","16/11/2019 13:48"
"6,303,970,000,142.00","AUTO POSTO PONTE METÁLICA","GUARATINGUETA","SP","Diesel S10","3.599","8/15/2019 9:32"
"6,341,746,000,145.00","POSTO PALMEIRA","TRAIRAO","PA","Gasolina C Comum","4.77","9/5/2018 19:07"
"6,341,746,000,145.00","POSTO PALMEIRA","TRAIRAO","PA","Diesel S500","3.74","9/5/2018 19:07"
"6,341,746,000,145.00","POSTO PALMEIRA","TRAIRAO","PA","Diesel S10","3.8","9/5/2018 19:07"
"6,759,096,000,152.00","POSTO TEXACO GATURIANO","DOM EXPEDITO LOPES","PI","Gasolina C Comum","4.579","8/29/2019 10:02"
"6,759,096,000,152.00","POSTO TEXACO GATURIANO","DOM EXPEDITO LOPES","PI","Diesel S500","3.499","8/29/2019 10:02"
"6,759,096,000,152.00","POSTO TEXACO GATURIANO","DOM EXPEDITO LOPES","PI","Diesel S10","3.539","8/29/2019 10:02"
"6,790,172,000,273.00","COOTRATAN","TANGARA","SC","Gasolina C Comum","4.389","6/7/2019 17:49"
"6,790,172,000,273.00","COOTRATAN","TANGARA","SC","Diesel S500","3.499","6/7/2019 17:49"
"6,790,172,000,273.00","COOTRATAN","TANGARA","SC","Diesel S10","3.579","6/7/2019 17:49"
"7,135,119,000,110.00","BIOPOSTO CAMPECHE","FLORIANOPOLIS","SC","Gasolina C Comum","3.899","9/30/2019 13:52"
"7,135,119,000,110.00","BIOPOSTO CAMPECHE","FLORIANOPOLIS","SC","Etanol","3.299","8/16/2019 10:52"
"7,135,119,000,110.00","BIOPOSTO CAMPECHE","FLORIANOPOLIS","SC","Diesel S10","3.799","8/16/2019 10:52"
"7,157,563,000,137.00","POSTO SAMUEL","SAO LUIS","MA","Gasolina C Comum","4.36","12/11/2019 09:46"
"7,157,563,000,137.00","POSTO SAMUEL","SAO LUIS","MA","Diesel S500","4.74","11/1/2019 14:20"
"7,157,563,000,137.00","POSTO SAMUEL","SAO LUIS","MA","Diesel S10","3.77","11/1/2019 14:20"
"7,198,313,000,145.00","CLODOMIRO BATHKE E CIA.LTDA","BALSA NOVA","PR","Gasolina C Comum","4.59","13/10/2018 15:25"
"7,198,313,000,145.00","CLODOMIRO BATHKE E CIA.LTDA","BALSA NOVA","PR","Etanol","3.23","13/10/2018 15:25"
"7,198,313,000,145.00","CLODOMIRO BATHKE E CIA.LTDA","BALSA NOVA","PR","Diesel S10","3.62","13/10/2018 15:25"
"7,291,814,000,171.00","POSTO NOVA QUEIMADOS LTDA","QUEIMADOS","RJ","Gasolina C Comum","4.899","7/27/2018 17:29"
"7,291,814,000,171.00","POSTO NOVA QUEIMADOS LTDA","QUEIMADOS","RJ","Etanol","3.299","7/27/2018 17:29"
"7,291,814,000,171.00","POSTO NOVA QUEIMADOS LTDA","QUEIMADOS","RJ","GNV","2.588","7/27/2018 17:29"
"7,291,814,000,171.00","POSTO NOVA QUEIMADOS LTDA","QUEIMADOS","RJ","Diesel S10","3.489","7/27/2018 17:29"
"7,298,624,000,186.00","POSTO PANTANAL","MIRANDA","MS","Diesel S500","3.68","6/27/2018 10:29"
"7,298,624,000,186.00","POSTO PANTANAL","MIRANDA","MS","Diesel S10","3.78","6/27/2018 10:29"
"7,482,075,000,103.00","COLOSSAL BATEL","CURITIBA","PR","Gasolina C Comum","3.999","6/25/2019 15:16"
"7,482,075,000,103.00","COLOSSAL BATEL","CURITIBA","PR","Etanol","2.899","8/23/2019 14:42"
"7,482,075,000,103.00","COLOSSAL BATEL","CURITIBA","PR","Diesel S10","3.299","6/25/2019 15:16"
"7,532,604,000,128.00","DIVISAO COMERCIO DE COMBUSTIVEIS E CONVENIENCIAS LTDA","PORTO UNIAO","SC","Gasolina C Comum","4.149","8/20/2019 15:01"
"7,532,604,000,128.00","DIVISAO COMERCIO DE COMBUSTIVEIS E CONVENIENCIAS LTDA","PORTO UNIAO","SC","Diesel S10","3.549","8/20/2019 15:01"
"7,536,636,000,100.00","POSTO DO JOCA","PELOTAS","RS","Gasolina C Comum","4.799","24/11/2018 21:06"
"7,536,636,000,100.00","POSTO DO JOCA","PELOTAS","RS","Diesel S500","3.859","24/11/2018 21:07"
"7,536,636,000,100.00","POSTO DO JOCA","PELOTAS","RS","Diesel S10","3.959","24/11/2018 21:07"
"7,605,515,000,164.00","POSTO SAO RAIMUNDO","CASCAVEL","CE","Gasolina C Comum","4.53","8/9/2019 10:19"
"7,605,515,000,164.00","POSTO SAO RAIMUNDO","CASCAVEL","CE","Etanol","3.69","8/8/2019 10:16"
"7,605,515,000,164.00","POSTO SAO RAIMUNDO","CASCAVEL","CE","Diesel S10","3.69","8/8/2019 10:16"
"7,605,515,000,245.00","POSTO SÃO RAIMUNDO 2","CASCAVEL","CE","Gasolina C Comum","4.53","8/9/2019 10:16"
"7,605,515,000,245.00","POSTO SÃO RAIMUNDO 2","CASCAVEL","CE","Etanol","3.69","8/9/2019 10:16"
"7,605,515,000,245.00","POSTO SÃO RAIMUNDO 2","CASCAVEL","CE","Diesel S10","3.69","8/9/2019 10:16"
"7,605,515,000,326.00","POSTO SAO RAIMUNDO","CASCAVEL","CE","Gasolina C Comum","4.53","8/9/2019 10:21"
"7,605,515,000,326.00","POSTO SAO RAIMUNDO","CASCAVEL","CE","Etanol","3.69","8/8/2019 10:18"
"7,605,515,000,326.00","POSTO SAO RAIMUNDO","CASCAVEL","CE","Diesel S10","3.67","8/8/2019 10:18"
"7,605,515,000,407.00","POSTO SAO RAIMUNDO PRAIA","CASCAVEL","CE","Gasolina C Comum","4.49","8/8/2019 12:47"
"7,605,515,000,407.00","POSTO SAO RAIMUNDO PRAIA","CASCAVEL","CE","Etanol","3.69","8/8/2019 12:47"
"7,605,515,000,407.00","POSTO SAO RAIMUNDO PRAIA","CASCAVEL","CE","Diesel S10","3.69","8/8/2019 12:47"
"7,840,472,000,100.00","AUTO POSTO SANTA RITA","PONTALINA","GO","Gasolina C Comum","4.859","9/5/2018 19:21"
"7,840,472,000,100.00","AUTO POSTO SANTA RITA","PONTALINA","GO","Etanol","2.999","7/18/2018 17:26"
"7,840,472,000,100.00","AUTO POSTO SANTA RITA","PONTALINA","GO","Diesel S500","3.899","9/5/2018 19:21"
"7,840,472,000,100.00","AUTO POSTO SANTA RITA","PONTALINA","GO","Diesel S10","3.999","9/5/2018 19:21"
"7,928,956,000,105.00","POSTO ARIQUEMES","ARIQUEMES","RO","Gasolina C Comum","4.49","8/17/2019 11:03"
"7,928,956,000,105.00","POSTO ARIQUEMES","ARIQUEMES","RO","Diesel S500","3.76","8/17/2019 11:03"
"7,928,956,000,105.00","POSTO ARIQUEMES","ARIQUEMES","RO","Diesel S10","3.86","8/17/2019 11:03"
"8,355,825,000,130.00","POSTO DE COMBUSTÍVEIS 214 SUL","BRASILIA","DF","Gasolina C Comum","4.39","6/26/2018 10:59"
"8,355,825,000,130.00","POSTO DE COMBUSTÍVEIS 214 SUL","BRASILIA","DF","Etanol","3.38","6/26/2018 10:59"
"8,355,825,000,130.00","POSTO DE COMBUSTÍVEIS 214 SUL","BRASILIA","DF","GNV","1","6/26/2018 10:59"
"8,355,825,000,130.00","POSTO DE COMBUSTÍVEIS 214 SUL","BRASILIA","DF","Diesel S500","1","6/26/2018 10:59"
"8,355,825,000,130.00","POSTO DE COMBUSTÍVEIS 214 SUL","BRASILIA","DF","Diesel S10","4.799","6/26/2018 10:59"
"8,450,385,000,109.00","COMERCIO DE PRODUTOS MAIS LTDA","ROLIM DE MOURA","RO","Gasolina C Comum","4.74","7/12/2018 19:45"
"8,450,385,000,109.00","COMERCIO DE PRODUTOS MAIS LTDA","ROLIM DE MOURA","RO","Diesel S500","3.61","7/12/2018 19:45"
"8,450,385,000,109.00","COMERCIO DE PRODUTOS MAIS LTDA","ROLIM DE MOURA","RO","Diesel S10","3.69","7/12/2018 19:45"
"8,605,136,000,137.00","POSTO R7","MINEIROS","GO","Gasolina C Comum","4.6","5/14/2019 9:47"
"8,605,136,000,137.00","POSTO R7","MINEIROS","GO","Etanol","3","6/12/2019 14:33"
"8,605,136,000,137.00","POSTO R7","MINEIROS","GO","Diesel S500","3.69","7/9/2019 11:02"
"8,605,136,000,137.00","POSTO R7","MINEIROS","GO","Diesel S10","3.79","7/9/2019 11:02"
"8,742,289,000,126.00","POSTO DO MANOELAO","ROLIM DE MOURA","RO","Gasolina C Comum","4.74","6/6/2019 10:11"
"8,742,289,000,126.00","POSTO DO MANOELAO","ROLIM DE MOURA","RO","Diesel S500","3.85","6/6/2019 10:11"
"8,742,289,000,126.00","POSTO DO MANOELAO","ROLIM DE MOURA","RO","Diesel S10","3.9","6/6/2019 10:11"
"8,754,803,000,143.00","","MACAIBA","RN","Gasolina C Comum","4.379","7/12/2018 10:31"
"8,754,803,000,143.00","","MACAIBA","RN","Etanol","3.599","7/12/2018 10:31"
"8,754,803,000,143.00","","MACAIBA","RN","Diesel S500","3.379","7/12/2018 10:31"
"8,754,803,000,143.00","","MACAIBA","RN","Diesel S10","3.479","7/12/2018 10:31"
"8,790,322,000,193.00","POSTO DE GASOLINA E SERVIÇOS BR PAN 2007 LTDA","RIO DE JANEIRO","RJ","Gasolina C Comum","4.897","1/2/2019 19:26"
"8,790,322,000,193.00","POSTO DE GASOLINA E SERVIÇOS BR PAN 2007 LTDA","RIO DE JANEIRO","RJ","Etanol","3.597","1/2/2019 19:26"
"8,790,322,000,193.00","POSTO DE GASOLINA E SERVIÇOS BR PAN 2007 LTDA","RIO DE JANEIRO","RJ","Diesel S10","3.697","1/2/2019 19:26"
"8,963,963,000,100.00","POSTO DE GASOLINA 6 DE MAIO LTDA - ME","DUQUE DE CAXIAS","RJ","Gasolina C Comum","4.999","7/13/2018 14:28"
"8,963,963,000,100.00","POSTO DE GASOLINA 6 DE MAIO LTDA - ME","DUQUE DE CAXIAS","RJ","Etanol","3.499","7/13/2018 14:28"
"8,963,963,000,100.00","POSTO DE GASOLINA 6 DE MAIO LTDA - ME","DUQUE DE CAXIAS","RJ","Diesel S10","3.499","7/13/2018 14:28"
"9,069,872,000,180.00","AUTO POSTO MODELO","PALMAS","TO","Gasolina C Comum","4.399","2/19/2019 16:29"
"9,069,872,000,180.00","AUTO POSTO MODELO","PALMAS","TO","Etanol","3.79","2/19/2019 16:29"
"9,069,872,000,180.00","AUTO POSTO MODELO","PALMAS","TO","Diesel S10","3.35","2/19/2019 16:29"
"9,164,791,000,321.00","POSTO APOLO VI","CACHOEIRINHA","RS","Gasolina C Comum","4.899","9/24/2018 15:51"
"9,164,791,000,321.00","POSTO APOLO VI","CACHOEIRINHA","RS","Etanol","3.999","9/24/2018 15:51"
"9,164,791,000,321.00","POSTO APOLO VI","CACHOEIRINHA","RS","Diesel S500","3.599","9/24/2018 15:51"
"9,164,791,000,321.00","POSTO APOLO VI","CACHOEIRINHA","RS","Diesel S10","3.699","9/24/2018 15:51"
"9,217,206,000,142.00","AUTO POSTO PREMIUM","ARAGUAINA","TO","Gasolina C Comum","4.79","6/21/2018 16:57"
"9,217,206,000,142.00","AUTO POSTO PREMIUM","ARAGUAINA","TO","Diesel S500","3.399","6/21/2018 16:54"
"9,217,206,000,142.00","AUTO POSTO PREMIUM","ARAGUAINA","TO","Diesel S10","3.499","6/21/2018 16:54"
"9,271,603,000,100.00","AUTO POSTO CAMPANHOLLI","CEREJEIRAS","RO","Gasolina C Comum","4.73","4/17/2019 17:19"
"9,271,603,000,100.00","AUTO POSTO CAMPANHOLLI","CEREJEIRAS","RO","Etanol","4.37","4/17/2019 17:19"
"9,271,603,000,100.00","AUTO POSTO CAMPANHOLLI","CEREJEIRAS","RO","Diesel S500","4.01","4/17/2019 17:19"
"9,271,603,000,100.00","AUTO POSTO CAMPANHOLLI","CEREJEIRAS","RO","Diesel S10","4.09","4/17/2019 17:19"
"9,271,603,000,283.00","AUTO POSTO CAMPANHOLLI","CORUMBIARA","RO","Gasolina C Comum","4.73","4/17/2019 17:31"
"9,271,603,000,283.00","AUTO POSTO CAMPANHOLLI","CORUMBIARA","RO","Diesel S500","4.01","4/17/2019 17:31"
"9,271,603,000,283.00","AUTO POSTO CAMPANHOLLI","CORUMBIARA","RO","Diesel S10","4.09","4/17/2019 17:31"
"9,291,970,000,168.00","POSTO ARROIO DO SAL","ARROIO DO SAL","RS","Diesel S10","3.629","1/14/2019 11:26"
"9,291,970,000,168.00","POSTO ARROIO DO SAL","ARROIO DO SAL","RS","Gasolina C Comum","4.399","1/14/2019 11:27"
"9,291,970,000,168.00","POSTO ARROIO DO SAL","ARROIO DO SAL","RS","Diesel S500","3.559","1/14/2019 11:26"
"9,291,970,000,249.00","DAIANE T. DE AMARANTE & CIA LTDA - EPP","TORRES","RS","Gasolina C Comum","4.399","1/14/2019 11:52"
"9,291,970,000,249.00","DAIANE T. DE AMARANTE & CIA LTDA - EPP","TORRES","RS","Diesel S500","3.399","1/14/2019 11:52"
"9,291,970,000,249.00","DAIANE T. DE AMARANTE & CIA LTDA - EPP","TORRES","RS","Diesel S10","3.499","1/14/2019 11:52"
"9,296,287,000,113.00","AUTO POSTO MONTANA","OURO PRETO DO OESTE","RO","Gasolina C Comum","4.58","7/28/2019 15:25"
"9,296,287,000,113.00","AUTO POSTO MONTANA","OURO PRETO DO OESTE","RO","Etanol","3.95","7/28/2019 15:25"
"9,296,287,000,113.00","AUTO POSTO MONTANA","OURO PRETO DO OESTE","RO","Diesel S500","3.88","10/9/2019 18:39"
"9,299,516,000,153.00","AUTO POSTO AGNELO","CICERO DANTAS","BA","Gasolina C Comum","4.45","20/12/2018 11:07"
"9,299,516,000,153.00","AUTO POSTO AGNELO","CICERO DANTAS","BA","Etanol","3.3","20/12/2018 11:07"
"9,299,516,000,153.00","AUTO POSTO AGNELO","CICERO DANTAS","BA","Diesel S10","3.65","20/12/2018 11:07"
"9,366,602,000,131.00","AUTO POSTO GIGI","ITAPORA","MS","Gasolina C Comum","4.619","11/5/2019 9:49"
"9,366,602,000,131.00","AUTO POSTO GIGI","ITAPORA","MS","Etanol","3.619","11/5/2019 9:49"
"9,366,602,000,131.00","AUTO POSTO GIGI","ITAPORA","MS","Diesel S500","3.969","9/23/2019 8:45"
"9,366,602,000,131.00","AUTO POSTO GIGI","ITAPORA","MS","Diesel S10","3.995","9/23/2019 8:45"
"9,374,342,000,146.00","AUTO POSTO KERUBINS II","MOGI GUACU","SP","Gasolina C Comum","4.499","4/22/2019 16:14"
"9,374,342,000,146.00","AUTO POSTO KERUBINS II","MOGI GUACU","SP","Etanol","3.299","4/22/2019 16:14"
"9,374,342,000,146.00","AUTO POSTO KERUBINS II","MOGI GUACU","SP","Diesel S500","3.699","4/22/2019 16:14"
"9,374,342,000,146.00","AUTO POSTO KERUBINS II","MOGI GUACU","SP","Diesel S10","3.799","4/22/2019 16:14"
"9,573,325,000,138.00","RR AUTO SERVICE LTDA","CAMPINAS","SP","Gasolina C Comum","4.099","1/23/2019 15:06"
"9,573,325,000,138.00","RR AUTO SERVICE LTDA","CAMPINAS","SP","Etanol","2.799","12/4/2018 11:00"
"9,573,325,000,138.00","RR AUTO SERVICE LTDA","CAMPINAS","SP","Diesel S500","3.599","1/23/2019 15:06"
"9,573,325,000,138.00","RR AUTO SERVICE LTDA","CAMPINAS","SP","Diesel S10","3.699","1/23/2019 15:06"
"9,612,655,000,195.00","POSTO SATURNO","SENADOR SA","CE","Gasolina C Comum","4.87","8/3/2018 13:26"
"9,612,655,000,195.00","POSTO SATURNO","SENADOR SA","CE","Diesel S500","3.699","8/3/2018 13:26"
"10,157,722,000,108.00","ROTA 116","CANOAS","RS","Gasolina C Comum","4.769","10/8/2018 16:41"
"10,157,722,000,108.00","ROTA 116","CANOAS","RS","Diesel S500","3.589","10/8/2018 16:41"
"10,254,592,000,121.00","POSTO DE VILLE","SOUSA","PB","Gasolina C Comum","4.599","9/4/2018 9:09"
"10,254,592,000,121.00","POSTO DE VILLE","SOUSA","PB","Diesel S10","3.799","9/4/2018 9:09"
"10,269,693,000,176.00","AUTO POSTO PAMPA","PASSO FUNDO","RS","Gasolina C Comum","4.759","9/25/2018 8:35"
"10,269,693,000,176.00","AUTO POSTO PAMPA","PASSO FUNDO","RS","Diesel S10","3.499","9/25/2018 8:35"
"10,523,358,000,152.00","AUTO POSTO SAO SEBASTIAO","BELO HORIZONTE","MG","Gasolina C Comum","4.568","5/30/2019 8:05"
"10,523,358,000,152.00","AUTO POSTO SAO SEBASTIAO","BELO HORIZONTE","MG","Etanol","2.798","5/30/2019 8:05"
"10,549,635,000,104.00","AUTO POSTO COLONIAL","INDAIATUBA","SP","Gasolina C Comum","4.149","20/11/2019 16:27"
"10,549,635,000,104.00","AUTO POSTO COLONIAL","INDAIATUBA","SP","Etanol","2.799","20/11/2019 16:27"
"10,549,635,000,104.00","AUTO POSTO COLONIAL","INDAIATUBA","SP","Diesel S10","3.699","20/11/2019 16:27"
"10,557,748,000,143.00","AUTO POSTO ROTA RADIAL LTDA","SAO PAULO","SP","Gasolina C Comum","3.989","7/26/2018 20:06"
"10,557,748,000,143.00","AUTO POSTO ROTA RADIAL LTDA","SAO PAULO","SP","Etanol","2.249","7/26/2018 20:06"
"10,750,422,000,138.00","POSTO PONTO CERTO","CONCEICAO DO ARAGUAIA","PA","Gasolina C Comum","505","5/13/2019 16:43"
"10,750,422,000,138.00","POSTO PONTO CERTO","CONCEICAO DO ARAGUAIA","PA","Diesel S500","405","5/13/2019 16:43"
"10,750,422,000,138.00","POSTO PONTO CERTO","CONCEICAO DO ARAGUAIA","PA","Diesel S10","409","5/13/2019 16:43"
"10,876,085,000,120.00","AUTO POSTO SAN CRISTOVAO","DOURADOS","MS","Gasolina C Comum","4.299","7/12/2018 17:28"
"10,876,085,000,120.00","AUTO POSTO SAN CRISTOVAO","DOURADOS","MS","Etanol","2.999","7/12/2018 17:28"
"10,876,085,000,120.00","AUTO POSTO SAN CRISTOVAO","DOURADOS","MS","Diesel S500","3.399","7/12/2018 17:28"
"10,876,085,000,120.00","AUTO POSTO SAN CRISTOVAO","DOURADOS","MS","Diesel S10","3.499","7/12/2018 17:28"
"11,000,641,000,162.00","AUTO POSTO TITAN","JAU","SP","Gasolina C Comum","4.049","8/8/2018 15:00"
"11,000,641,000,162.00","AUTO POSTO TITAN","JAU","SP","Etanol","2.189","8/8/2018 15:00"
"11,000,641,000,162.00","AUTO POSTO TITAN","JAU","SP","Diesel S500","3.129","8/8/2018 15:00"
"11,000,641,000,162.00","AUTO POSTO TITAN","JAU","SP","Diesel S10","3.239","8/8/2018 15:00"
"11,060,293,000,119.00","POSTO ENSEADA AZUL","GUARAPARI","ES","Gasolina C Comum","4.69","4/4/2019 10:52"
"11,060,293,000,119.00","POSTO ENSEADA AZUL","GUARAPARI","ES","Etanol","3.79","4/4/2019 10:52"
"11,060,293,000,119.00","POSTO ENSEADA AZUL","GUARAPARI","ES","Diesel S10","3.87","4/4/2019 10:52"
"11,270,119,000,109.00","AUTO POSTO FRANCO","COROATA","MA","Gasolina C Comum","4.75","31/10/2019 09:49"
"11,270,119,000,109.00","AUTO POSTO FRANCO","COROATA","MA","Diesel S500","3.97","31/10/2019 09:49"
"11,270,119,000,109.00","AUTO POSTO FRANCO","COROATA","MA","Diesel S10","4.01","31/10/2019 09:49"
"11,300,950,000,158.00","AUTO POSTO JF","ANDRADAS","MG","Gasolina C Comum","4.799","10/3/2019 12:48"
"11,300,950,000,158.00","AUTO POSTO JF","ANDRADAS","MG","Etanol","2.99","12/11/2019 17:48"
"11,300,950,000,158.00","AUTO POSTO JF","ANDRADAS","MG","Diesel S500","3.749","10/3/2019 12:48"
"11,300,950,000,158.00","AUTO POSTO JF","ANDRADAS","MG","Diesel S10","3.789","10/3/2019 12:48"
"11,307,599,000,127.00","AUTO POSTO AEROPORTO DE UBATUBA LTDA.","UBATUBA","SP","Gasolina C Comum","4.259","16/11/2019 14:08"
"11,307,599,000,127.00","AUTO POSTO AEROPORTO DE UBATUBA LTDA.","UBATUBA","SP","Etanol","2.979","16/11/2019 14:08"
"11,307,599,000,127.00","AUTO POSTO AEROPORTO DE UBATUBA LTDA.","UBATUBA","SP","Diesel S10","3.749","10/8/2019 17:02"
"11,337,985,000,161.00","POSTO PINHEIRENSE CENTRO","PINHEIRO MACHADO","RS","Gasolina C Comum","4.77","6/14/2019 18:20"
"11,337,985,000,161.00","POSTO PINHEIRENSE CENTRO","PINHEIRO MACHADO","RS","Etanol","4.599","6/14/2019 18:20"
"11,337,985,000,161.00","POSTO PINHEIRENSE CENTRO","PINHEIRO MACHADO","RS","Diesel S500","3.599","6/14/2019 18:20"
"11,337,985,000,161.00","POSTO PINHEIRENSE CENTRO","PINHEIRO MACHADO","RS","Diesel S10","3.699","6/14/2019 18:20"
"11,353,929,000,110.00","POSTO MARE","NOVO GAMA","GO","Gasolina C Comum","4.659","5/7/2019 15:59"
"11,353,929,000,110.00","POSTO MARE","NOVO GAMA","GO","Etanol","2.899","5/7/2019 15:59"
"11,353,929,000,110.00","POSTO MARE","NOVO GAMA","GO","Diesel S500","3.599","5/7/2019 15:59"
"11,372,676,000,122.00","CAMPOS DO JORDÃO AUTO POSTO LTDA.","CAMPOS DO JORDAO","SP","Gasolina C Comum","4.599","10/8/2019 16:53"
"11,372,676,000,122.00","CAMPOS DO JORDÃO AUTO POSTO LTDA.","CAMPOS DO JORDAO","SP","Etanol","2.949","6/14/2019 10:03"
"11,372,676,000,122.00","CAMPOS DO JORDÃO AUTO POSTO LTDA.","CAMPOS DO JORDAO","SP","Diesel S500","3.729","10/8/2019 16:53"
"11,372,676,000,122.00","CAMPOS DO JORDÃO AUTO POSTO LTDA.","CAMPOS DO JORDAO","SP","Diesel S10","3.779","10/8/2019 16:53"
"11,388,834,000,132.00","AUTO POSTO MONTANA","OURO PRETO DO OESTE","RO","Gasolina C Comum","4.58","7/24/2019 17:31"
"11,388,834,000,132.00","AUTO POSTO MONTANA","OURO PRETO DO OESTE","RO","Diesel S500","3.88","10/8/2019 9:21"
"11,388,834,000,132.00","AUTO POSTO MONTANA","OURO PRETO DO OESTE","RO","Diesel S10","3.92","10/8/2019 9:21"
"11,440,349,000,160.00","POSTO SERRANO","ARACAJU","SE","Gasolina C Comum","4.399","7/9/2019 15:58"
"11,440,349,000,160.00","POSTO SERRANO","ARACAJU","SE","Etanol","3.48","7/19/2019 16:15"
"11,440,349,000,160.00","POSTO SERRANO","ARACAJU","SE","Diesel S500","3.649","7/9/2019 15:58"
"11,440,349,000,160.00","POSTO SERRANO","ARACAJU","SE","Diesel S10","3.699","7/9/2019 15:58"
"11,643,823,000,151.00","POSTO MARCON","CHAPECO","SC","Gasolina C Comum","4.449","9/25/2018 9:07"
"11,643,823,000,151.00","POSTO MARCON","CHAPECO","SC","Diesel S500","3.399","9/25/2018 9:07"
"11,643,823,000,151.00","POSTO MARCON","CHAPECO","SC","Diesel S10","3.469","9/25/2018 9:07"
"11,664,743,000,182.00","POSTO UNIVERSITÁRIO","LAGES","SC","Gasolina C Comum","4.269","3/29/2019 17:00"
"11,664,743,000,182.00","POSTO UNIVERSITÁRIO","LAGES","SC","Etanol","3.694","3/29/2019 17:00"
"11,664,743,000,182.00","POSTO UNIVERSITÁRIO","LAGES","SC","Diesel S500","3.509","3/29/2019 17:00"
"11,664,743,000,182.00","POSTO UNIVERSITÁRIO","LAGES","SC","Diesel S10","3.599","3/29/2019 17:00"
"11,664,743,000,182.00","POSTO UNIVERSITÁRIO","LAGES","SC","GNV","0.001","3/29/2019 17:00"
"12,031,541,000,166.00","POSTO HS","ESTRELA DO NORTE","GO","Gasolina C Comum","4.69","2/2/2019 9:16"
"12,031,541,000,166.00","POSTO HS","ESTRELA DO NORTE","GO","Etanol","3.09","2/2/2019 9:16"
"12,031,541,000,166.00","POSTO HS","ESTRELA DO NORTE","GO","Diesel S500","3.34","2/17/2019 13:37"
"12,031,541,000,166.00","POSTO HS","ESTRELA DO NORTE","GO","Diesel S10","3.65","2/17/2019 13:37"
"12,119,665,000,106.00","POSTO LEAL","BARREIRINHAS","MA","Gasolina C Comum","4.73","6/28/2018 14:37"
"12,119,665,000,106.00","POSTO LEAL","BARREIRINHAS","MA","Diesel S500","3.647","6/28/2018 14:37"
"12,119,665,000,106.00","POSTO LEAL","BARREIRINHAS","MA","Diesel S10","3.715","6/28/2018 14:37"
"12,119,665,000,289.00","LEAL COMERCIALIZACAO DE DERIVADOS DE PETROLEO LTDA","BARREIRINHAS","MA","Gasolina C Comum","4.65","7/5/2018 15:36"
"13,047,383,000,103.00","SF COMERCIO DE COMBUSTIVEIS LTDA.","ESTANCIA VELHA","RS","Gasolina C Comum","4.599","7/14/2018 10:18"
"13,047,383,000,103.00","SF COMERCIO DE COMBUSTIVEIS LTDA.","ESTANCIA VELHA","RS","Diesel S500","3.199","7/14/2018 10:18"
"13,047,383,000,103.00","SF COMERCIO DE COMBUSTIVEIS LTDA.","ESTANCIA VELHA","RS","Diesel S10","3.299","7/14/2018 10:18"
"13,051,606,000,106.00","AUTO POSTO 2 IRMAOS","BURITIS","RO","Diesel S500","3.62","7/20/2018 17:18"
"13,051,606,000,106.00","AUTO POSTO 2 IRMAOS","BURITIS","RO","Diesel S10","3.72","7/20/2018 17:18"
"13,170,895,000,154.00","AUTO POSTO UNIAO","EDEALINA","GO","Gasolina C Comum","4.799","10/4/2018 9:09"
"13,170,895,000,154.00","AUTO POSTO UNIAO","EDEALINA","GO","Etanol","2.879","10/4/2018 9:09"
"13,170,895,000,154.00","AUTO POSTO UNIAO","EDEALINA","GO","Diesel S500","3.699","10/4/2018 9:09"
"13,170,895,000,154.00","AUTO POSTO UNIAO","EDEALINA","GO","Diesel S10","3.799","10/4/2018 9:09"
"13,250,823,000,117.00","AUTO POSTO DALTIBA","ARIQUEMES","RO","Gasolina C Comum","3.65","7/4/2018 15:14"
"13,250,823,000,117.00","AUTO POSTO DALTIBA","ARIQUEMES","RO","Diesel S500","3.627","7/4/2018 15:14"
"13,250,823,000,117.00","AUTO POSTO DALTIBA","ARIQUEMES","RO","Diesel S10","3.661","7/4/2018 15:14"
"13,271,809,000,108.00","AUTO POSTO J & Y","MOJU","PA","Gasolina C Comum","4.649","8/29/2019 12:47"
"13,271,809,000,108.00","AUTO POSTO J & Y","MOJU","PA","Diesel S500","3.579","8/29/2019 12:47"
"13,271,809,000,108.00","AUTO POSTO J & Y","MOJU","PA","Diesel S10","3.649","8/29/2019 12:47"
"13,334,099,000,100.00","POSTO DE ABASTECIMENTO DE GASOLINA E OLEO ITAMIRA LTDA","APORA","BA","Gasolina C Comum","4.64","30/10/2019 10:04"
"13,334,099,000,100.00","POSTO DE ABASTECIMENTO DE GASOLINA E OLEO ITAMIRA LTDA","APORA","BA","Etanol","3.59","30/10/2019 10:04"
"13,334,099,000,100.00","POSTO DE ABASTECIMENTO DE GASOLINA E OLEO ITAMIRA LTDA","APORA","BA","Diesel S500","3.79","30/10/2019 10:04"
"13,334,099,000,100.00","POSTO DE ABASTECIMENTO DE GASOLINA E OLEO ITAMIRA LTDA","APORA","BA","Diesel S10","3.97","30/10/2019 10:04"
"13,379,724,000,130.00","REDE 020","FORMOSA","GO","Gasolina C Comum","4.399","9/17/2019 16:21"
"13,379,724,000,130.00","REDE 020","FORMOSA","GO","Etanol","2.999","26/11/2019 15:18"
"13,379,724,000,130.00","REDE 020","FORMOSA","GO","Diesel S500","3.659","11/5/2019 15:47"
"13,379,724,000,130.00","REDE 020","FORMOSA","GO","Diesel S10","3.699","11/5/2019 15:47"
"13,385,797,000,134.00","POSTO CIDADE","SAO DOMINGOS","BA","Gasolina C Comum","4.14","14/12/2018 12:26"
"13,385,797,000,134.00","POSTO CIDADE","SAO DOMINGOS","BA","Etanol","3.18","14/12/2018 12:26"
"13,385,797,000,134.00","POSTO CIDADE","SAO DOMINGOS","BA","Diesel S500","3.49","14/12/2018 12:26"
"13,579,902,000,176.00","AUTO POSTO CENTRAL","MOMBACA","CE","Gasolina C Comum","4.799","30/11/2018 13:10"
"13,579,902,000,176.00","AUTO POSTO CENTRAL","MOMBACA","CE","Etanol","3.499","30/11/2018 13:10"
"13,579,902,000,176.00","AUTO POSTO CENTRAL","MOMBACA","CE","Diesel S500","3.999","30/11/2018 13:10"
"13,579,902,000,176.00","AUTO POSTO CENTRAL","MOMBACA","CE","Diesel S10","4.099","30/11/2018 13:10"
"13,635,049,000,162.00","POSTO TITAN DE CORBELIA LTDA.","CORBELIA","PR","Gasolina C Comum","4.09","8/7/2018 15:55"
"13,635,049,000,162.00","POSTO TITAN DE CORBELIA LTDA.","CORBELIA","PR","Etanol","2.49","8/7/2018 15:55"
"13,635,049,000,162.00","POSTO TITAN DE CORBELIA LTDA.","CORBELIA","PR","Diesel S500","3.06","8/7/2018 15:55"
"13,699,899,000,124.00","POSTO LIDER","VISCONDE DO RIO BRANCO","MG","Gasolina C Comum","4.99","5/16/2019 21:57"
"13,699,899,000,124.00","POSTO LIDER","VISCONDE DO RIO BRANCO","MG","Etanol","3.29","5/16/2019 21:57"
"13,699,899,000,124.00","POSTO LIDER","VISCONDE DO RIO BRANCO","MG","Diesel S10","3.99","5/16/2019 21:57"
"13,781,754,000,178.00","POSTOS ARCO VERDE","PARNAMIRIM","RN","Gasolina C Comum","4.769","7/29/2018 20:26"
"13,781,754,000,178.00","POSTOS ARCO VERDE","PARNAMIRIM","RN","Etanol","3.599","7/29/2018 20:26"
"13,781,754,000,178.00","POSTOS ARCO VERDE","PARNAMIRIM","RN","Diesel S500","3.47","7/29/2018 20:26"
"13,781,754,000,178.00","POSTOS ARCO VERDE","PARNAMIRIM","RN","Diesel S10","3.59","7/29/2018 20:26"
"14,167,819,000,152.00","AUTO POSTO MARQUES","JARU","RO","Gasolina C Comum","4.579","7/3/2018 15:38"
"14,167,819,000,152.00","AUTO POSTO MARQUES","JARU","RO","Etanol","3.999","7/3/2018 15:38"
"14,167,819,000,152.00","AUTO POSTO MARQUES","JARU","RO","Diesel S500","3.549","7/3/2018 15:38"
"14,167,819,000,152.00","AUTO POSTO MARQUES","JARU","RO","Diesel S10","3.599","7/3/2018 15:38"
"14,229,920,000,190.00","POSTO TITAN CAFELANDIA","CAFELANDIA","PR","Gasolina C Comum","4.219","8/7/2018 16:02"
"14,229,920,000,190.00","POSTO TITAN CAFELANDIA","CAFELANDIA","PR","Etanol","2.699","8/7/2018 16:02"
"14,229,920,000,190.00","POSTO TITAN CAFELANDIA","CAFELANDIA","PR","Diesel S500","3.089","8/7/2018 16:02"
"14,229,920,000,190.00","POSTO TITAN CAFELANDIA","CAFELANDIA","PR","Diesel S10","3.139","8/7/2018 16:02"
"14,967,901,000,161.00","POSTO NELCI MARIA LOCATELLI E CIA LTDA","CAMPO GRANDE","MS","Gasolina C Comum","4.09","6/28/2018 16:02"
"14,967,901,000,161.00","POSTO NELCI MARIA LOCATELLI E CIA LTDA","CAMPO GRANDE","MS","Etanol","3.197","6/28/2018 16:02"
"14,967,901,000,161.00","POSTO NELCI MARIA LOCATELLI E CIA LTDA","CAMPO GRANDE","MS","Diesel S10","3.497","6/28/2018 16:02"
"15,011,160,000,103.00","POSTO XINGU","VARGINHA","MG","Gasolina C Comum","4.848","10/8/2018 13:48"
"15,011,160,000,103.00","POSTO XINGU","VARGINHA","MG","Etanol","2.948","10/8/2018 13:48"
"15,011,160,000,103.00","POSTO XINGU","VARGINHA","MG","Diesel S500","3.656","10/8/2018 13:48"
"15,011,160,000,103.00","POSTO XINGU","VARGINHA","MG","Diesel S10","3.789","10/8/2018 13:48"
"15,203,666,000,114.00","AUTO POSTO DINALO E IBRAHIM LTDA","POA","SP","Gasolina C Comum","4.499","8/16/2018 10:49"
"15,203,666,000,114.00","AUTO POSTO DINALO E IBRAHIM LTDA","POA","SP","Etanol","2.599","8/16/2018 10:49"
"15,203,666,000,114.00","AUTO POSTO DINALO E IBRAHIM LTDA","POA","SP","Diesel S10","3.499","8/16/2018 10:49"
"15,286,573,000,109.00","AUTO POSTO CENTRAL","BURITIS","RO","Gasolina C Comum","4.75","3/27/2019 17:32"
"15,286,573,000,109.00","AUTO POSTO CENTRAL","BURITIS","RO","Diesel S500","3.87","3/27/2019 17:32"
"15,286,573,000,109.00","AUTO POSTO CENTRAL","BURITIS","RO","Diesel S10","3.98","3/27/2019 17:32"
"15,362,541,000,137.00","POSTO TUNEL LAVRAS LTDA","LAVRAS","MG","Diesel S10","3.899","7/11/2019 8:50"
"15,362,541,000,137.00","POSTO TUNEL LAVRAS LTDA","LAVRAS","MG","Gasolina C Comum","4.879","7/11/2019 8:50"
"15,362,541,000,137.00","POSTO TUNEL LAVRAS LTDA","LAVRAS","MG","Etanol","3.239","7/11/2019 8:50"
"15,362,541,000,137.00","POSTO TUNEL LAVRAS LTDA","LAVRAS","MG","Diesel S500","3.839","7/11/2019 8:50"
"15,364,302,000,116.00","AUTO POSTO SAMAPE","CAETITE","BA","Gasolina C Comum","4.799","4/3/2019 11:35"
"15,364,302,000,116.00","AUTO POSTO SAMAPE","CAETITE","BA","Etanol","3.399","4/3/2019 11:35"
"15,364,302,000,116.00","AUTO POSTO SAMAPE","CAETITE","BA","Diesel S500","3.769","4/3/2019 11:35"
"15,364,302,000,116.00","AUTO POSTO SAMAPE","CAETITE","BA","Diesel S10","3.869","4/3/2019 11:35"
"15,388,267,000,337.00","POSTO JOIA","MIRANDA","MS","Gasolina C Comum","4.7","12/11/2019 20:12"
"15,388,267,000,337.00","POSTO JOIA","MIRANDA","MS","Etanol","3.6","12/11/2019 20:12"
"15,388,267,000,337.00","POSTO JOIA","MIRANDA","MS","Diesel S500","3.95","9/26/2019 14:28"
"15,388,267,000,337.00","POSTO JOIA","MIRANDA","MS","Diesel S10","4.06","9/26/2019 14:28"
"15,619,911,000,179.00","SSJT SERVICO DE AUTO POSTO LTDA","ASSIS","SP","Gasolina C Comum","4.199","5/6/2019 11:53"
"15,619,911,000,179.00","SSJT SERVICO DE AUTO POSTO LTDA","ASSIS","SP","Etanol","2.559","5/6/2019 11:53"
"15,619,911,000,179.00","SSJT SERVICO DE AUTO POSTO LTDA","ASSIS","SP","Diesel S10","3.499","5/6/2019 11:53"
"15,680,930,000,100.00","POSTO BONTORIN","ITUPORANGA","SC","Gasolina C Comum","3.97","9/12/2019 9:32"
"15,680,930,000,100.00","POSTO BONTORIN","ITUPORANGA","SC","Diesel S500","3.39","7/10/2019 10:31"
"15,680,930,000,100.00","POSTO BONTORIN","ITUPORANGA","SC","Diesel S10","3.49","7/10/2019 10:31"
"15,896,509,000,131.00","POSTO FORTALEZA","JI-PARANA","RO","Gasolina C Comum","4.769","6/28/2018 12:59"
"15,896,509,000,131.00","POSTO FORTALEZA","JI-PARANA","RO","Etanol","3.999","6/28/2018 12:59"
"15,896,509,000,131.00","POSTO FORTALEZA","JI-PARANA","RO","Diesel S500","3.629","6/28/2018 12:59"
"15,896,509,000,131.00","POSTO FORTALEZA","JI-PARANA","RO","Diesel S10","3.689","6/28/2018 12:59"
"16,045,015,000,106.00","POSTO TERERE","CAMPO GRANDE","MS","Gasolina C Comum","4.196","25/10/2019 11:39"
"16,045,015,000,106.00","POSTO TERERE","CAMPO GRANDE","MS","Etanol","3.396","25/10/2019 11:39"
"16,045,015,000,106.00","POSTO TERERE","CAMPO GRANDE","MS","Diesel S10","3.896","25/10/2019 11:39"
"16,709,473,000,100.00","POSTO LAGOA FUNDA","BRUMADO","BA","Gasolina C Comum","4.759","3/20/2019 12:39"
"16,709,473,000,100.00","POSTO LAGOA FUNDA","BRUMADO","BA","Diesel S500","3.499","3/20/2019 12:39"
"16,709,473,000,100.00","POSTO LAGOA FUNDA","BRUMADO","BA","Diesel S10","3.559","3/20/2019 12:39"
"16,808,529,000,176.00","POSTO REZENDE","ARACUAI","MG","Gasolina C Comum","5.48","15/10/2018 15:43"
"16,808,529,000,176.00","POSTO REZENDE","ARACUAI","MG","Etanol","3.48","15/10/2018 15:43"
"16,808,529,000,176.00","POSTO REZENDE","ARACUAI","MG","Diesel S500","4.07","15/10/2018 15:43"
"16,909,633,000,157.00","POSTOS ARCO VERDE","SAO JOSE DE MIPIBU","RN","Gasolina C Comum","4.33","7/17/2018 11:19"
"16,909,633,000,157.00","POSTOS ARCO VERDE","SAO JOSE DE MIPIBU","RN","Etanol","3.59","7/17/2018 11:19"
"16,909,633,000,157.00","POSTOS ARCO VERDE","SAO JOSE DE MIPIBU","RN","Diesel S500","3.38","7/17/2018 11:19"
"16,909,633,000,157.00","POSTOS ARCO VERDE","SAO JOSE DE MIPIBU","RN","Diesel S10","3.48","7/17/2018 11:19"
"16,923,420,000,180.00","AUTO POSTO MANGUEIRAO","CONCEICAO DO ARAGUAIA","PA","Gasolina C Comum","5.04","5/24/2019 10:49"
"16,923,420,000,180.00","AUTO POSTO MANGUEIRAO","CONCEICAO DO ARAGUAIA","PA","Diesel S500","4.01","5/24/2019 10:49"
"16,923,420,000,180.00","AUTO POSTO MANGUEIRAO","CONCEICAO DO ARAGUAIA","PA","Diesel S10","4.03","5/24/2019 10:49"
"17,071,865,000,141.00","AUTO POSTO TITAN SAPOPEMBA","SAO PAULO","SP","Gasolina C Comum","3.999","8/8/2018 15:24"
"17,071,865,000,141.00","AUTO POSTO TITAN SAPOPEMBA","SAO PAULO","SP","Etanol","2.299","8/8/2018 15:24"
"17,071,865,000,141.00","AUTO POSTO TITAN SAPOPEMBA","SAO PAULO","SP","Diesel S10","3.189","8/8/2018 15:24"
"17,112,586,000,189.00","POSTO LARANJAL","PELOTAS","RS","Gasolina C Comum","4.799","7/24/2018 19:41"
"17,112,586,000,189.00","POSTO LARANJAL","PELOTAS","RS","Etanol","3.999","7/24/2018 19:41"
"17,112,586,000,189.00","POSTO LARANJAL","PELOTAS","RS","Diesel S500","3.399","7/24/2018 19:41"
"17,305,026,000,140.00","OASIS COMBUSTIVEIS LTDA","CAMPOS DOS GOYTACAZES","RJ","Gasolina C Comum","5.199","7/3/2018 17:17"
"17,305,026,000,140.00","OASIS COMBUSTIVEIS LTDA","CAMPOS DOS GOYTACAZES","RJ","Etanol","3.799","7/3/2018 17:17"
"17,305,026,000,140.00","OASIS COMBUSTIVEIS LTDA","CAMPOS DOS GOYTACAZES","RJ","GNV","5.099","7/3/2018 17:17"
"17,305,026,000,140.00","OASIS COMBUSTIVEIS LTDA","CAMPOS DOS GOYTACAZES","RJ","Diesel S500","3.589","7/3/2018 17:17"
"17,305,026,000,140.00","OASIS COMBUSTIVEIS LTDA","CAMPOS DOS GOYTACAZES","RJ","Diesel S10","3.639","7/3/2018 17:17"
"17,354,868,000,192.00","POSTO DA FIGUEIRA AGUAS CLARAS","VIAMAO","RS","Gasolina C Comum","4.299","11/10/2019 08:16"
"17,354,868,000,192.00","POSTO DA FIGUEIRA AGUAS CLARAS","VIAMAO","RS","Etanol","3.899","11/10/2019 08:16"
"17,354,868,000,192.00","POSTO DA FIGUEIRA AGUAS CLARAS","VIAMAO","RS","Diesel S500","3.699","11/10/2019 08:16"
"17,354,868,000,192.00","POSTO DA FIGUEIRA AGUAS CLARAS","VIAMAO","RS","Diesel S10","3.799","11/10/2019 08:16"
"17,918,376,000,182.00","LAVAJATO PARAGUACU","PARAGUACU","MG","Gasolina C Comum","4.699","12/6/2018 11:36"
"17,918,376,000,182.00","LAVAJATO PARAGUACU","PARAGUACU","MG","Etanol","2.769","12/6/2018 11:36"
"17,918,376,000,182.00","LAVAJATO PARAGUACU","PARAGUACU","MG","Diesel S500","3.459","12/6/2018 11:36"
"17,918,376,000,182.00","LAVAJATO PARAGUACU","PARAGUACU","MG","Diesel S10","3.489","12/6/2018 11:36"
"17,962,000,000,175.00","CUPECE COMERCIO VAREJISTA DE COMBUSTIVEIS EIRELI","SAO PAULO","SP","Gasolina C Comum","4.299","5/20/2019 11:04"
"17,962,000,000,175.00","CUPECE COMERCIO VAREJISTA DE COMBUSTIVEIS EIRELI","SAO PAULO","SP","Etanol","2.899","5/20/2019 11:04"
"17,962,000,000,175.00","CUPECE COMERCIO VAREJISTA DE COMBUSTIVEIS EIRELI","SAO PAULO","SP","Diesel S10","3.569","5/20/2019 11:04"
"18,590,664,000,113.00","A1 COMBUSTIVEIS","GOIATUBA","GO","Gasolina C Comum","4.49","7/25/2018 11:18"
"18,590,664,000,113.00","A1 COMBUSTIVEIS","GOIATUBA","GO","Etanol","2.65","7/25/2018 11:18"
"18,590,664,000,113.00","A1 COMBUSTIVEIS","GOIATUBA","GO","Diesel S500","3.399","7/25/2018 11:18"
"18,590,664,000,113.00","A1 COMBUSTIVEIS","GOIATUBA","GO","Diesel S10","3.5","7/25/2018 11:18"
"18,740,269,000,170.00","AUTO POSTO AVENIDA","NOVA CANAA DO NORTE","MT","Gasolina C Comum","4.92","6/14/2019 16:58"
"18,740,269,000,170.00","AUTO POSTO AVENIDA","NOVA CANAA DO NORTE","MT","Etanol","3.06","8/20/2019 18:27"
"18,740,269,000,170.00","AUTO POSTO AVENIDA","NOVA CANAA DO NORTE","MT","Diesel S500","4.08","6/14/2019 16:58"
"18,740,269,000,170.00","AUTO POSTO AVENIDA","NOVA CANAA DO NORTE","MT","Diesel S10","4.18","6/14/2019 16:58"
"18,810,176,000,506.00","POSTO TOKA PRA K 2","BOM DESPACHO","MG","Gasolina C Comum","4.64","11/8/2019 18:46"
"18,810,176,000,506.00","POSTO TOKA PRA K 2","BOM DESPACHO","MG","Etanol","2.99","11/8/2019 18:46"
"18,810,176,000,506.00","POSTO TOKA PRA K 2","BOM DESPACHO","MG","Diesel S500","3.79","11/8/2019 18:46"
"18,810,176,000,506.00","POSTO TOKA PRA K 2","BOM DESPACHO","MG","Diesel S10","3.81","11/8/2019 18:46"
"18,851,910,000,143.00","AUTO POSTO TERRA","CONCEICAO DO ARAGUAIA","PA","Gasolina C Comum","5.02","5/16/2019 15:02"
"18,851,910,000,143.00","AUTO POSTO TERRA","CONCEICAO DO ARAGUAIA","PA","Diesel S500","4.03","5/16/2019 15:02"
"18,851,910,000,143.00","AUTO POSTO TERRA","CONCEICAO DO ARAGUAIA","PA","Diesel S10","4.06","5/16/2019 15:02"
"18,974,530,000,104.00","CAMINHO DO MAR AUTO POSTO LTDA","SAO BERNARDO DO CAMPO","SP","Gasolina C Comum","3.999","16/11/2019 14:10"
"18,974,530,000,104.00","CAMINHO DO MAR AUTO POSTO LTDA","SAO BERNARDO DO CAMPO","SP","Etanol","2.799","16/11/2019 14:10"
"18,974,530,000,104.00","CAMINHO DO MAR AUTO POSTO LTDA","SAO BERNARDO DO CAMPO","SP","Diesel S10","3.579","9/21/2019 12:53"
"19,079,066,000,147.00","G20","SAO PAULO","SP","Gasolina C Comum","3.999","7/26/2018 19:38"
"19,079,066,000,147.00","G20","SAO PAULO","SP","Etanol","2.349","7/26/2018 19:38"
"19,219,352,000,160.00","DERIVADOS DE PETROLEO VITORIA LTDA","TANHACU","BA","Gasolina C Comum","4.559","12/7/2018 19:08"
"19,219,352,000,160.00","DERIVADOS DE PETROLEO VITORIA LTDA","TANHACU","BA","Diesel S500","3.58","12/7/2018 19:07"
"19,219,352,000,160.00","DERIVADOS DE PETROLEO VITORIA LTDA","TANHACU","BA","Diesel S10","3.68","12/7/2018 19:07"
"19,292,157,000,166.00","VALTER GAVASSA COMBUSTIVEIS LTDA","BIRIGUI","SP","GNV","1","11/10/2018 17:15"
"19,292,157,000,166.00","VALTER GAVASSA COMBUSTIVEIS LTDA","BIRIGUI","SP","Gasolina C Comum","4.799","11/10/2018 17:18"
"19,292,157,000,166.00","VALTER GAVASSA COMBUSTIVEIS LTDA","BIRIGUI","SP","Etanol","2.799","11/10/2018 17:18"
"19,292,157,000,166.00","VALTER GAVASSA COMBUSTIVEIS LTDA","BIRIGUI","SP","Diesel S500","3.799","11/10/2018 17:19"
"19,292,157,000,166.00","VALTER GAVASSA COMBUSTIVEIS LTDA","BIRIGUI","SP","Diesel S10","3.899","11/10/2018 17:19"
"19,520,321,000,145.00","GOL AUTO POSTO","BURITIS","RO","Diesel S500","3.62","7/6/2018 13:14"
"19,520,321,000,145.00","GOL AUTO POSTO","BURITIS","RO","Diesel S10","3.72","7/6/2018 13:14"
"19,520,321,000,145.00","GOL AUTO POSTO","BURITIS","RO","Gasolina C Comum","4.81","7/6/2018 13:14"
"19,520,321,000,145.00","GOL AUTO POSTO","BURITIS","RO","Etanol","4.16","7/6/2018 13:14"
"19,953,346,000,132.00","POROROCA AUTO POSTO IV","NOVA ANDRADINA","MS","Gasolina C Comum","4.19","7/27/2018 11:04"
"19,953,346,000,132.00","POROROCA AUTO POSTO IV","NOVA ANDRADINA","MS","Etanol","2.99","7/16/2018 12:17"
"19,953,346,000,132.00","POROROCA AUTO POSTO IV","NOVA ANDRADINA","MS","Diesel S500","3.39","7/16/2018 12:17"
"19,953,346,000,132.00","POROROCA AUTO POSTO IV","NOVA ANDRADINA","MS","Diesel S10","3.49","7/16/2018 12:17"
"20,630,766,000,167.00","POSTO MAX","CHAPECO","SC","Gasolina C Comum","4.399","9/25/2018 8:43"
"20,630,766,000,167.00","POSTO MAX","CHAPECO","SC","Diesel S500","3.399","9/25/2018 8:43"
"20,630,766,000,167.00","POSTO MAX","CHAPECO","SC","Diesel S10","3.469","9/25/2018 8:43"
"20,630,766,000,248.00","AUTO POSTO IMPERIAL","VIDEIRA","SC","Gasolina C Comum","4.399","9/25/2018 8:54"
"20,630,766,000,248.00","AUTO POSTO IMPERIAL","VIDEIRA","SC","Diesel S10","3.499","9/25/2018 8:54"
"20,700,989,000,153.00","FCJ - COMBUSTIVEIS E CONVENIENCIA LTDA","JABOATAO DOS GUARARAPES","PE","Gasolina C Comum","4.269","11/11/2019 17:45"
"20,700,989,000,153.00","FCJ - COMBUSTIVEIS E CONVENIENCIA LTDA","JABOATAO DOS GUARARAPES","PE","Etanol","3.199","11/11/2019 17:45"
"20,700,989,000,153.00","FCJ - COMBUSTIVEIS E CONVENIENCIA LTDA","JABOATAO DOS GUARARAPES","PE","Diesel S10","3.599","11/11/2019 17:45"
"20,887,348,000,150.00","ABASTECEDORA DE COMBUSTIVEIS RODOVIA RS-118 LTDA","CACHOEIRINHA","RS","Gasolina C Comum","4.539","14/10/2019 15:38"
"20,887,348,000,150.00","ABASTECEDORA DE COMBUSTIVEIS RODOVIA RS-118 LTDA","CACHOEIRINHA","RS","Diesel S500","3.339","14/10/2019 15:38"
"20,887,348,000,150.00","ABASTECEDORA DE COMBUSTIVEIS RODOVIA RS-118 LTDA","CACHOEIRINHA","RS","Diesel S10","3.439","14/10/2019 15:38"
"20,887,348,000,230.00","POSTO DA FIGUEIRA VII","VIAMAO","RS","Gasolina C Comum","4.249","14/10/2019 16:19"
"20,887,348,000,230.00","POSTO DA FIGUEIRA VII","VIAMAO","RS","Etanol","3.999","14/10/2019 16:19"
"20,887,348,000,230.00","POSTO DA FIGUEIRA VII","VIAMAO","RS","Diesel S500","3.549","14/10/2019 16:19"
"20,887,348,000,230.00","POSTO DA FIGUEIRA VII","VIAMAO","RS","Diesel S10","3.599","14/10/2019 16:19"
"21,205,041,000,194.00","POSTO ROTTAVA","PORTO VELHO","RO","Gasolina C Comum","3.829","2/8/2019 14:11"
"21,205,041,000,194.00","POSTO ROTTAVA","PORTO VELHO","RO","Diesel S500","3.609","2/8/2019 14:11"
"21,205,041,000,194.00","POSTO ROTTAVA","PORTO VELHO","RO","Diesel S10","3.709","2/8/2019 14:11"
"21,298,404,000,183.00","POSTOS ARCO VERDE","PARNAMIRIM","RN","Gasolina C Comum","4.769","7/29/2018 20:22"
"21,298,404,000,183.00","POSTOS ARCO VERDE","PARNAMIRIM","RN","Etanol","3.599","7/29/2018 20:22"
"21,298,404,000,183.00","POSTOS ARCO VERDE","PARNAMIRIM","RN","Diesel S500","3.47","7/29/2018 20:22"
"21,298,404,000,183.00","POSTOS ARCO VERDE","PARNAMIRIM","RN","Diesel S10","3.599","7/29/2018 20:22"
"21,387,460,000,356.00","AUTO POSTO NAPOLES","ALTAMIRA","PA","Gasolina C Comum","5.179","6/28/2019 14:15"
"21,387,460,000,356.00","AUTO POSTO NAPOLES","ALTAMIRA","PA","Diesel S500","4.098","6/28/2019 14:15"
"21,387,460,000,356.00","AUTO POSTO NAPOLES","ALTAMIRA","PA","Diesel S10","4.197","6/28/2019 14:15"
"21,790,274,000,100.00","POSTO ODEON LTDA","BELO HORIZONTE","MG","Gasolina C Comum","4.338","9/12/2019 5:39"
"21,790,274,000,100.00","POSTO ODEON LTDA","BELO HORIZONTE","MG","Etanol","2.748","9/12/2019 5:39"
"22,139,471,000,118.00","POSTO PRESIDENTE TANCREDO NEVES LTDA","IBIRITE","MG","Gasolina C Comum","4.548","11/6/2019 14:26"
"22,139,471,000,118.00","POSTO PRESIDENTE TANCREDO NEVES LTDA","IBIRITE","MG","Etanol","2.948","11/6/2019 14:26"
"22,139,471,000,118.00","POSTO PRESIDENTE TANCREDO NEVES LTDA","IBIRITE","MG","Diesel S10","3.748","24/10/2019 09:14"
"22,623,880,000,195.00","AUTO POSTO DELABRANTE LTDA","GUARAPUAVA","PR","Gasolina C Comum","4.52","9/24/2018 16:03"
"22,623,880,000,195.00","AUTO POSTO DELABRANTE LTDA","GUARAPUAVA","PR","Etanol","2.92","9/24/2018 16:03"
"22,623,880,000,195.00","AUTO POSTO DELABRANTE LTDA","GUARAPUAVA","PR","Diesel S10","3.39","9/24/2018 16:03"
"22,730,932,000,122.00","POSTO DA FIGUEIRA TRES","VIAMAO","RS","Gasolina C Comum","4.299","11/10/2019 09:28"
"22,730,932,000,122.00","POSTO DA FIGUEIRA TRES","VIAMAO","RS","Etanol","3.899","11/10/2019 09:28"
"22,730,932,000,122.00","POSTO DA FIGUEIRA TRES","VIAMAO","RS","Diesel S500","3.699","11/10/2019 09:28"
"22,730,932,000,122.00","POSTO DA FIGUEIRA TRES","VIAMAO","RS","Diesel S10","3.799","11/10/2019 09:28"
"22,794,128,000,298.00","POSTO MIMIM II","ITAJAI","SC","Gasolina C Comum","1","16/10/2019 17:50"
"22,794,128,000,298.00","POSTO MIMIM II","ITAJAI","SC","Etanol","1","16/10/2019 17:50"
"22,794,128,000,298.00","POSTO MIMIM II","ITAJAI","SC","GNV","1","16/10/2019 17:50"
"22,794,128,000,298.00","POSTO MIMIM II","ITAJAI","SC","Diesel S10","1","16/10/2019 17:50"
"22,955,868,000,188.00","POSTO CASCAO","TUCURUI","PA","Gasolina C Comum","5.17","10/8/2018 16:59"
"22,955,868,000,188.00","POSTO CASCAO","TUCURUI","PA","Diesel S500","4.14","10/8/2018 16:59"
"22,955,868,000,188.00","POSTO CASCAO","TUCURUI","PA","Diesel S10","4.16","10/8/2018 16:59"
"23,749,013,000,163.00","POSTO SERRA NEGRA","SANTA LUZIA","MG","Gasolina C Comum","4.598","11/6/2019 14:20"
"23,749,013,000,163.00","POSTO SERRA NEGRA","SANTA LUZIA","MG","Etanol","2.898","11/10/2019 12:38"
"23,749,013,000,163.00","POSTO SERRA NEGRA","SANTA LUZIA","MG","Diesel S10","3.748","11/10/2019 12:40"
"23,830,523,000,160.00","AUTO POSTO CAMPECHE EIRELI","FLORIANOPOLIS","SC","Gasolina C Comum","4.199","7/18/2018 17:49"
"23,830,523,000,160.00","AUTO POSTO CAMPECHE EIRELI","FLORIANOPOLIS","SC","Diesel S10","3.299","7/18/2018 17:49"
"23,859,521,000,102.00","AUTO POSTO COLOSSAL MERCES LTDA","CURITIBA","PR","Gasolina C Comum","3.999","6/25/2019 15:15"
"23,859,521,000,102.00","AUTO POSTO COLOSSAL MERCES LTDA","CURITIBA","PR","Etanol","2.799","6/25/2019 15:15"
"23,859,521,000,102.00","AUTO POSTO COLOSSAL MERCES LTDA","CURITIBA","PR","Diesel S10","3.299","6/25/2019 15:15"
"23,898,869,000,109.00","AUTO POSTO XANATAM LTDA","BELO HORIZONTE","MG","Gasolina C Comum","4.548","11/10/2019 12:47"
"23,898,869,000,109.00","AUTO POSTO XANATAM LTDA","BELO HORIZONTE","MG","Etanol","2.868","11/10/2019 12:47"
"23,898,869,000,109.00","AUTO POSTO XANATAM LTDA","BELO HORIZONTE","MG","Diesel S10","3.748","11/10/2019 12:47"
"24,601,882,000,109.00","POSTO KATIA LOCATELLI","CAMPO GRANDE","MS","Gasolina C Comum","4.057","7/23/2018 15:59"
"24,601,882,000,109.00","POSTO KATIA LOCATELLI","CAMPO GRANDE","MS","Etanol","2.997","7/23/2018 15:59"
"24,601,882,000,109.00","POSTO KATIA LOCATELLI","CAMPO GRANDE","MS","Diesel S10","3.497","7/23/2018 15:59"
"24,610,891,000,166.00","POSTO CAMPO GRANDE","CAMPO GRANDE","MS","Gasolina C Comum","4.089","6/29/2018 18:31"
"24,610,891,000,166.00","POSTO CAMPO GRANDE","CAMPO GRANDE","MS","Etanol","3.299","6/29/2018 18:31"
"24,610,891,000,166.00","POSTO CAMPO GRANDE","CAMPO GRANDE","MS","Diesel S500","3.429","6/29/2018 18:31"
"24,610,891,000,166.00","POSTO CAMPO GRANDE","CAMPO GRANDE","MS","Diesel S10","3.499","6/29/2018 18:31"
"24,624,785,000,131.00","POSTINHO","CAMPO GRANDE","MS","Gasolina C Comum","4.099","12/6/2018 8:22"
"24,624,785,000,131.00","POSTINHO","CAMPO GRANDE","MS","Etanol","3.299","25/10/2018 18:50"
"24,624,785,000,131.00","POSTINHO","CAMPO GRANDE","MS","Diesel S500","3.569","12/6/2018 8:22"
"24,624,785,000,131.00","POSTINHO","CAMPO GRANDE","MS","Diesel S10","3.599","12/6/2018 8:22"
"24,725,400,000,122.00","POSTO CORONEL","COLIDER","MT","Gasolina C Comum","4.92","8/15/2018 9:15"
"24,725,400,000,122.00","POSTO CORONEL","COLIDER","MT","Etanol","2.97","8/15/2018 9:15"
"24,725,400,000,122.00","POSTO CORONEL","COLIDER","MT","Diesel S500","3.87","8/15/2018 9:15"
"24,725,400,000,122.00","POSTO CORONEL","COLIDER","MT","Diesel S10","3.99","8/15/2018 9:15"
"25,240,709,000,195.00","POSTO INTERLAGOS","JATAI","GO","Gasolina C Comum","5.15","10/1/2018 16:09"
"25,240,709,000,195.00","POSTO INTERLAGOS","JATAI","GO","Etanol","3.12","10/1/2018 16:09"
"25,240,709,000,195.00","POSTO INTERLAGOS","JATAI","GO","Diesel S500","3.99","10/1/2018 16:09"
"25,240,709,000,195.00","POSTO INTERLAGOS","JATAI","GO","Diesel S10","4.09","10/1/2018 16:09"
"25,550,716,000,193.00","POSTO DAS NACOES LTDA","SABARA","MG","Diesel S500","3.224","3/11/2019 15:26"
"25,550,716,000,193.00","POSTO DAS NACOES LTDA","SABARA","MG","Gasolina C Comum","4.157","3/11/2019 15:26"
"25,550,716,000,193.00","POSTO DAS NACOES LTDA","SABARA","MG","Etanol","2.88","3/11/2019 15:27"
"25,550,716,000,193.00","POSTO DAS NACOES LTDA","SABARA","MG","Diesel S10","3.289","3/11/2019 15:26"
"25,680,117,000,194.00","POSTO ARCO-IRIS","MEDINA","MG","Gasolina C Comum","4.849","3/28/2019 15:49"
"25,680,117,000,194.00","POSTO ARCO-IRIS","MEDINA","MG","Etanol","3.299","3/28/2019 15:49"
"25,680,117,000,194.00","POSTO ARCO-IRIS","MEDINA","MG","Diesel S10","3.879","3/28/2019 15:49"
"25,865,312,000,199.00","POSTOS SR","CONTAGEM","MG","Gasolina C Comum","4.677","6/21/2018 11:09"
"25,865,312,000,199.00","POSTOS SR","CONTAGEM","MG","Etanol","2.998","6/21/2018 11:09"
"25,865,312,000,199.00","POSTOS SR","CONTAGEM","MG","Diesel S500","3.439","6/21/2018 11:09"
"25,865,312,000,199.00","POSTOS SR","CONTAGEM","MG","Diesel S10","3.499","6/21/2018 11:09"
"26,529,830,000,285.00","AUTO POSTO VO CLOVIS LTDA","SAO MIGUEL DO OESTE","SC","Gasolina C Comum","4.399","9/25/2018 8:23"
"26,529,830,000,285.00","AUTO POSTO VO CLOVIS LTDA","SAO MIGUEL DO OESTE","SC","Diesel S500","3.399","9/25/2018 8:23"
"26,529,830,000,285.00","AUTO POSTO VO CLOVIS LTDA","SAO MIGUEL DO OESTE","SC","Diesel S10","3.449","9/25/2018 8:23"
"26,529,830,000,447.00","AUTO POSTO VO CLOVIS LTDA","BRUSQUE","SC","Gasolina C Comum","4.09","9/24/2018 14:28"
"26,529,830,000,447.00","AUTO POSTO VO CLOVIS LTDA","BRUSQUE","SC","Diesel S10","3.39","9/24/2018 14:28"
"26,602,128,000,119.00","POSTO NOVO CEU","NOVA CANAA DO NORTE","MT","Gasolina C Comum","4.74","6/13/2019 13:48"
"26,602,128,000,119.00","POSTO NOVO CEU","NOVA CANAA DO NORTE","MT","Etanol","2.92","8/12/2019 13:12"
"26,602,128,000,119.00","POSTO NOVO CEU","NOVA CANAA DO NORTE","MT","Diesel S500","4.02","6/13/2019 13:48"
"26,602,128,000,119.00","POSTO NOVO CEU","NOVA CANAA DO NORTE","MT","Diesel S10","4.12","6/13/2019 13:48"
"26,947,902,000,123.00","POSTO DA FIGUEIRA VI","GRAVATAI","RS","Gasolina C Comum","4.179","14/10/2019 15:58"
"26,947,902,000,123.00","POSTO DA FIGUEIRA VI","GRAVATAI","RS","Diesel S500","3.449","14/10/2019 15:58"
"26,947,902,000,123.00","POSTO DA FIGUEIRA VI","GRAVATAI","RS","Diesel S10","3.549","14/10/2019 15:58"
"27,336,719,000,154.00","POSTO TOTAL","RECIFE","PE","Gasolina C Comum","4.349","29/11/2018 10:43"
"27,336,719,000,154.00","POSTO TOTAL","RECIFE","PE","Etanol","3.199","29/11/2018 10:43"
"27,336,719,000,154.00","POSTO TOTAL","RECIFE","PE","Diesel S10","3.799","29/11/2018 10:43"
"27,444,236,000,173.00","AUTO POSTO GAUCHINHO","MARACAJU","MS","Gasolina C Comum","4.469","6/27/2018 12:00"
"27,444,236,000,173.00","AUTO POSTO GAUCHINHO","MARACAJU","MS","Etanol","3.399","6/27/2018 12:00"
"27,444,236,000,173.00","AUTO POSTO GAUCHINHO","MARACAJU","MS","Diesel S500","3.54","6/27/2018 12:00"
"27,444,236,000,173.00","AUTO POSTO GAUCHINHO","MARACAJU","MS","Diesel S10","3.6","6/27/2018 12:00"
"28,343,707,000,110.00","AUTO POSTO UNIAO","UNIAO DOS PALMARES","AL","Gasolina C Comum","3.959","7/25/2019 19:36"
"28,343,707,000,110.00","AUTO POSTO UNIAO","UNIAO DOS PALMARES","AL","Etanol","3.372","7/25/2019 19:36"
"28,343,707,000,110.00","AUTO POSTO UNIAO","UNIAO DOS PALMARES","AL","Diesel S10","3.239","7/25/2019 19:36"
"28,649,617,000,151.00","POSTO INOVE","SAO MATEUS","ES","Gasolina C Comum","4.114","5/13/2019 10:45"
"28,649,617,000,151.00","POSTO INOVE","SAO MATEUS","ES","Diesel S10","3.263","5/13/2019 10:45"
"28,771,931,000,102.00","MANANCIAL COMERCIO DE COMBUSTIVEIS","EDEALINA","GO","Gasolina C Comum","4.799","10/4/2018 9:17"
"28,771,931,000,102.00","MANANCIAL COMERCIO DE COMBUSTIVEIS","EDEALINA","GO","Etanol","2.889","10/4/2018 9:17"
"28,771,931,000,102.00","MANANCIAL COMERCIO DE COMBUSTIVEIS","EDEALINA","GO","Diesel S500","3.699","10/4/2018 9:17"
"28,771,931,000,102.00","MANANCIAL COMERCIO DE COMBUSTIVEIS","EDEALINA","GO","Diesel S10","3.799","10/4/2018 9:17"
"28,861,014,000,119.00","POSTO SAM","SAO JOSE DE RIBAMAR","MA","Gasolina C Comum","4.099","7/13/2018 11:28"
"28,861,014,000,119.00","POSTO SAM","SAO JOSE DE RIBAMAR","MA","Diesel S10","3.399","7/13/2018 11:28"
"29,402,611,000,148.00","GTX","TAUBATE","SP","Gasolina C Comum","3.999","10/8/2019 17:03"
"29,402,611,000,148.00","GTX","TAUBATE","SP","Etanol","2.759","16/11/2019 14:25"
"29,402,611,000,148.00","GTX","TAUBATE","SP","Diesel S10","3.599","10/8/2019 17:03"
"29,754,000,000,169.00","TVT","CACHOEIRA DO SUL","RS","Gasolina C Comum","4.36","24/10/2019 15:56"
"30,701,345,000,133.00","POSTOS MAX","PASSO FUNDO","RS","Gasolina C Comum","4.759","9/25/2018 9:01"
"30,701,345,000,133.00","POSTOS MAX","PASSO FUNDO","RS","Diesel S10","3.499","9/25/2018 9:01"
"31,145,107,000,151.00","AUTO POSTO SANTO ANGELO","VILHENA","RO","Gasolina C Comum","4.479","3/26/2019 17:17"
"31,145,107,000,151.00","AUTO POSTO SANTO ANGELO","VILHENA","RO","Etanol","3.599","3/26/2019 17:17"
"31,145,107,000,151.00","AUTO POSTO SANTO ANGELO","VILHENA","RO","Diesel S500","3.869","3/26/2019 17:17"
"31,145,107,000,151.00","AUTO POSTO SANTO ANGELO","VILHENA","RO","Diesel S10","3.959","3/26/2019 17:17"
"31,372,642,000,145.00","REMAN COMERCIO DE PETROLEO LTDA","RIO DE JANEIRO","RJ","Gasolina C Comum","4.678","7/12/2018 11:32"
"31,372,642,000,145.00","REMAN COMERCIO DE PETROLEO LTDA","RIO DE JANEIRO","RJ","Etanol","3.168","7/12/2018 11:32"
"31,372,642,000,145.00","REMAN COMERCIO DE PETROLEO LTDA","RIO DE JANEIRO","RJ","Diesel S10","3.288","7/12/2018 11:32"
"31,372,642,000,145.00","REMAN COMERCIO DE PETROLEO LTDA","RIO DE JANEIRO","RJ","Diesel S500","3.288","7/12/2018 11:33"
"32,357,055,000,140.00","COMAFEL COMERCIO DE MAQUINAS E FERRAGENS LTDA","VALENCA","RJ","Gasolina C Comum","4.999","7/8/2019 16:15"
"32,357,055,000,140.00","COMAFEL COMERCIO DE MAQUINAS E FERRAGENS LTDA","VALENCA","RJ","Etanol","3.939","7/8/2019 16:15"
"32,357,055,000,140.00","COMAFEL COMERCIO DE MAQUINAS E FERRAGENS LTDA","VALENCA","RJ","Diesel S10","3.699","7/8/2019 16:15"
"33,088,436,000,133.00","POSTO SANTA CRUZ","RIO DE JANEIRO","RJ","Gasolina C Comum","4.899","7/1/2019 17:18"
"33,088,436,000,133.00","POSTO SANTA CRUZ","RIO DE JANEIRO","RJ","Etanol","3.899","7/1/2019 17:18"
"33,088,436,000,133.00","POSTO SANTA CRUZ","RIO DE JANEIRO","RJ","Diesel S10","3.499","7/1/2019 17:18"
"33,201,971,000,159.00","POSTO DE GASOLINA JUREMA LTDA","RIO DE JANEIRO","RJ","Gasolina C Comum","4.899","2/21/2019 11:51"
"33,201,971,000,159.00","POSTO DE GASOLINA JUREMA LTDA","RIO DE JANEIRO","RJ","Etanol","4.099","2/21/2019 11:51"
"33,201,971,000,159.00","POSTO DE GASOLINA JUREMA LTDA","RIO DE JANEIRO","RJ","Diesel S10","3.697","2/21/2019 11:51"
"33,250,929,000,128.00","POSTO IATE COMBUSTIVEIS E LUBRIFICANTES LTDA","RIO DE JANEIRO","RJ","Gasolina C Comum","4.999","29/11/2018 15:27"
"33,517,491,000,100.00","POSTO DE LUBRIFICAÇÃO COMODORO LTDA","RIO DE JANEIRO","RJ","Gasolina C Comum","5.099","4/17/2019 8:41"
"33,517,491,000,100.00","POSTO DE LUBRIFICAÇÃO COMODORO LTDA","RIO DE JANEIRO","RJ","Etanol","4.399","4/17/2019 8:41"
"33,785,148,000,138.00","AUTO POSTO PIT-STOP LTDA.","DOURADOS","MS","Gasolina C Comum","4.399","7/16/2018 12:49"
"33,785,148,000,138.00","AUTO POSTO PIT-STOP LTDA.","DOURADOS","MS","Etanol","3.329","7/11/2018 11:55"
"33,785,148,000,138.00","AUTO POSTO PIT-STOP LTDA.","DOURADOS","MS","Diesel S500","3.638","7/4/2018 17:33"
"33,785,148,000,138.00","AUTO POSTO PIT-STOP LTDA.","DOURADOS","MS","Diesel S10","3.719","7/4/2018 17:33"
"33,885,534,000,100.00","POSTO LEAO","MACAUBAS","BA","Gasolina C Comum","5.097","5/29/2019 15:58"
"33,885,534,000,100.00","POSTO LEAO","MACAUBAS","BA","Etanol","3.715","5/29/2019 15:58"
"33,885,534,000,100.00","POSTO LEAO","MACAUBAS","BA","Diesel S500","3.997","5/29/2019 15:58"
"33,885,534,000,100.00","POSTO LEAO","MACAUBAS","BA","Diesel S10","4.097","5/29/2019 15:58"
"34,002,337,000,150.00","POSTOS IATE COMERCIO E SERVICOS LTDA","RIO DE JANEIRO","RJ","GNV","3.299","25/11/2019 09:48"
"34,002,337,000,150.00","POSTOS IATE COMERCIO E SERVICOS LTDA","RIO DE JANEIRO","RJ","Gasolina C Comum","5.199","25/11/2019 09:48"
"34,002,337,000,150.00","POSTOS IATE COMERCIO E SERVICOS LTDA","RIO DE JANEIRO","RJ","Etanol","4.449","25/11/2019 09:48"
"34,002,337,000,150.00","POSTOS IATE COMERCIO E SERVICOS LTDA","RIO DE JANEIRO","RJ","Diesel S10","4.099","25/11/2019 09:48"
"34,147,157,000,166.00","AUTO POSTO EXCEDE LTDA","RIO DE JANEIRO","RJ","Gasolina C Comum","5.198","25/11/2019 09:51"
"34,147,157,000,166.00","AUTO POSTO EXCEDE LTDA","RIO DE JANEIRO","RJ","Etanol","4.299","25/11/2019 09:51"
"34,147,157,000,166.00","AUTO POSTO EXCEDE LTDA","RIO DE JANEIRO","RJ","Diesel S10","4.099","25/11/2019 09:51"
"36,990,794,000,125.00","AUTO POSTO COIMBRA","ARAGUATINS","TO","Gasolina C Comum","5.2","9/27/2018 8:26"
"36,990,794,000,125.00","AUTO POSTO COIMBRA","ARAGUATINS","TO","Etanol","3.85","9/27/2018 8:26"
"36,990,794,000,125.00","AUTO POSTO COIMBRA","ARAGUATINS","TO","Diesel S500","3.78","9/27/2018 8:26"
"36,990,794,000,125.00","AUTO POSTO COIMBRA","ARAGUATINS","TO","Diesel S10","3.81","9/27/2018 8:26"
"37,563,426,000,163.00","POSTO CARAZINHO","RIO BRILHANTE","MS","Gasolina C Comum","4.59","6/27/2018 12:39"
"37,563,426,000,163.00","POSTO CARAZINHO","RIO BRILHANTE","MS","Etanol","3.49","6/27/2018 12:39"
"37,563,426,000,163.00","POSTO CARAZINHO","RIO BRILHANTE","MS","Diesel S500","3.69","6/27/2018 12:39"
"37,563,426,000,163.00","POSTO CARAZINHO","RIO BRILHANTE","MS","Diesel S10","3.8","6/27/2018 12:39"
"37,563,426,000,244.00","POSTO TCHE","RIO BRILHANTE","MS","Gasolina C Comum","4.69","6/27/2018 13:00"
"37,563,426,000,244.00","POSTO TCHE","RIO BRILHANTE","MS","Etanol","3.49","6/27/2018 13:00"
"37,563,426,000,244.00","POSTO TCHE","RIO BRILHANTE","MS","Diesel S500","3.69","6/27/2018 13:00"
"37,563,426,000,244.00","POSTO TCHE","RIO BRILHANTE","MS","Diesel S10","3.8","6/27/2018 13:00"
"39,010,798,000,198.00","POSTO ELEFANTINHO DE LINS LTDA","LINS","SP","Gasolina C Comum","4.249","5/13/2019 16:29"
"39,010,798,000,198.00","POSTO ELEFANTINHO DE LINS LTDA","LINS","SP","Etanol","2.959","5/13/2019 16:29"
"39,010,798,000,198.00","POSTO ELEFANTINHO DE LINS LTDA","LINS","SP","Diesel S10","3.699","5/13/2019 16:29"
"40,296,824,000,175.00","KEM COM REP TRANSP SERV EXP IMP PROD DERV PETROLEO LTDA","RIO DE JANEIRO","RJ","Gasolina C Comum","4.897","23/10/2019 00:38"
"40,296,824,000,175.00","KEM COM REP TRANSP SERV EXP IMP PROD DERV PETROLEO LTDA","RIO DE JANEIRO","RJ","Etanol","3.997","23/10/2019 00:38"
"40,296,824,000,175.00","KEM COM REP TRANSP SERV EXP IMP PROD DERV PETROLEO LTDA","RIO DE JANEIRO","RJ","GNV","3.097","9/10/2019 19:05"
"40,296,824,000,175.00","KEM COM REP TRANSP SERV EXP IMP PROD DERV PETROLEO LTDA","RIO DE JANEIRO","RJ","Diesel S500","3.799","23/10/2019 00:38"
"40,296,824,000,175.00","KEM COM REP TRANSP SERV EXP IMP PROD DERV PETROLEO LTDA","RIO DE JANEIRO","RJ","Diesel S10","3.898","23/10/2019 00:38"
"41,526,112,000,168.00","POSTO SAO JOSE","PIO IX","PI","Gasolina C Comum","4.9","7/24/2018 9:28"
"41,526,112,000,168.00","POSTO SAO JOSE","PIO IX","PI","Diesel S10","3.55","7/24/2018 9:28"
"41,798,398,000,130.00","POSTO LAMPARINA","BUENOPOLIS","MG","Gasolina C Comum","5.149","10/8/2018 17:38"
"41,798,398,000,130.00","POSTO LAMPARINA","BUENOPOLIS","MG","Etanol","3.569","10/8/2018 17:38"
"41,798,398,000,130.00","POSTO LAMPARINA","BUENOPOLIS","MG","Diesel S10","3.989","10/8/2018 17:38"
"42,299,370,000,111.00","POSTO RUBI","RIO DE JANEIRO","RJ","Gasolina C Comum","4.859","11/5/2018 16:01"
"42,299,370,000,111.00","POSTO RUBI","RIO DE JANEIRO","RJ","Etanol","3.399","11/5/2018 16:01"
"42,299,370,000,111.00","POSTO RUBI","RIO DE JANEIRO","RJ","GNV","2.899","11/5/2018 16:01"
"42,299,370,000,111.00","POSTO RUBI","RIO DE JANEIRO","RJ","Diesel S500","3.559","11/5/2018 16:01"
"42,299,370,000,111.00","POSTO RUBI","RIO DE JANEIRO","RJ","Diesel S10","3.659","11/5/2018 16:01"
"48,299,440,000,118.00","KOIKE, KOIKE & CIA LTDA","SAO MANUEL","SP","Gasolina C Comum","4.5","6/20/2018 13:27"
"48,299,440,000,118.00","KOIKE, KOIKE & CIA LTDA","SAO MANUEL","SP","Etanol","2.98","6/20/2018 13:27"
"48,299,440,000,118.00","KOIKE, KOIKE & CIA LTDA","SAO MANUEL","SP","Diesel S500","3.41","6/20/2018 13:27"
"53,328,944,000,159.00","AUTO POSTO BANDEIRA","GUARATINGUETA","SP","Gasolina C Comum","4.079","10/8/2019 16:38"
"53,328,944,000,159.00","AUTO POSTO BANDEIRA","GUARATINGUETA","SP","Etanol","2.779","8/15/2019 9:30"
"53,328,944,000,159.00","AUTO POSTO BANDEIRA","GUARATINGUETA","SP","Diesel S500","3.639","10/8/2019 16:38"
"53,328,944,000,159.00","AUTO POSTO BANDEIRA","GUARATINGUETA","SP","Diesel S10","3.769","10/8/2019 16:38"
"58,662,446,000,161.00","AUTO POSTO 4R LTDA.","CACAPAVA","SP","Gasolina C Comum","4.079","10/8/2019 16:43"
"58,662,446,000,161.00","AUTO POSTO 4R LTDA.","CACAPAVA","SP","Etanol","2.799","16/11/2019 14:17"
"58,662,446,000,161.00","AUTO POSTO 4R LTDA.","CACAPAVA","SP","Diesel S500","3.429","16/11/2019 14:17"
"58,662,446,000,161.00","AUTO POSTO 4R LTDA.","CACAPAVA","SP","Diesel S10","3.529","16/11/2019 14:17"
"61,109,229,000,153.00","AUTO POSTO DA FÉ LTDA","SAO PAULO","SP","Gasolina C Comum","4.299","7/31/2018 11:38"
"61,109,229,000,153.00","AUTO POSTO DA FÉ LTDA","SAO PAULO","SP","Etanol","2.599","7/31/2018 11:38"
"61,109,229,000,153.00","AUTO POSTO DA FÉ LTDA","SAO PAULO","SP","Diesel S10","3.439","7/31/2018 11:38"
"70,056,510,000,166.00","POSTO GONZAGAO","EXU","PE","Gasolina C Comum","4.659","1/7/2019 16:38"
"70,056,510,000,166.00","POSTO GONZAGAO","EXU","PE","Etanol","3.779","1/7/2019 16:38"
"70,056,510,000,166.00","POSTO GONZAGAO","EXU","PE","Diesel S10","3.609","1/7/2019 16:38"
"72,408,842,000,198.00","ALG POSTO DE ABASTECIMENTO E SERVICOS LTDA","RIO DE JANEIRO","RJ","Gasolina C Comum","4.999","25/11/2019 09:56"
"72,408,842,000,198.00","ALG POSTO DE ABASTECIMENTO E SERVICOS LTDA","RIO DE JANEIRO","RJ","Etanol","4.299","25/11/2019 09:56"
"72,408,842,000,198.00","ALG POSTO DE ABASTECIMENTO E SERVICOS LTDA","RIO DE JANEIRO","RJ","GNV","3.149","25/11/2019 09:56"
"72,408,842,000,198.00","ALG POSTO DE ABASTECIMENTO E SERVICOS LTDA","RIO DE JANEIRO","RJ","Diesel S10","3.999","25/11/2019 09:56"
"75,474,288,000,135.00","COMERCIAL DE COMBUSTIVEIS TREZEMAINHENSE LTDA","TREZE DE MAIO","SC","Gasolina C Comum","4.479","8/22/2018 18:39"
"75,474,288,000,135.00","COMERCIAL DE COMBUSTIVEIS TREZEMAINHENSE LTDA","TREZE DE MAIO","SC","Etanol","3.929","8/22/2018 18:39"
"75,474,288,000,135.00","COMERCIAL DE COMBUSTIVEIS TREZEMAINHENSE LTDA","TREZE DE MAIO","SC","Diesel S500","3.329","8/22/2018 18:39"
"76,840,198,000,183.00","SULCAR POSTO DE SERVICOS LTDA","FLORIANOPOLIS","SC","Gasolina C Comum","3.799","7/16/2019 8:11"
"76,840,198,000,183.00","SULCAR POSTO DE SERVICOS LTDA","FLORIANOPOLIS","SC","Etanol","3.999","7/16/2019 8:11"
"76,840,198,000,183.00","SULCAR POSTO DE SERVICOS LTDA","FLORIANOPOLIS","SC","Diesel S10","3.849","7/16/2019 8:11"
"80,806,904,000,148.00","POSTOS MAX","FLORIANOPOLIS","SC","Gasolina C Comum","4.199","9/25/2018 9:02"
"80,806,904,000,148.00","POSTOS MAX","FLORIANOPOLIS","SC","Diesel S10","3.499","9/25/2018 9:02"
"83,392,050,000,199.00","POSTO ZANDONA 12","BLUMENAU","SC","Gasolina C Comum","4.097","6/25/2018 11:09"
"83,392,050,000,199.00","POSTO ZANDONA 12","BLUMENAU","SC","Etanol","3.497","6/25/2018 11:09"
"83,392,050,000,199.00","POSTO ZANDONA 12","BLUMENAU","SC","GNV","2.197","6/25/2018 11:09"
"83,392,050,000,199.00","POSTO ZANDONA 12","BLUMENAU","SC","Diesel S500","3.437","6/25/2018 11:09"
"83,392,050,000,199.00","POSTO ZANDONA 12","BLUMENAU","SC","Diesel S10","3.537","6/25/2018 11:09"
"83,607,333,000,100.00","POSTO OURO VERDE LTDA","OURO VERDE","SC","Gasolina C Comum","4.58","8/29/2018 10:34"
"83,607,333,000,100.00","POSTO OURO VERDE LTDA","OURO VERDE","SC","Diesel S500","3.79","8/29/2018 10:34"
"83,607,333,000,100.00","POSTO OURO VERDE LTDA","OURO VERDE","SC","Diesel S10","3.89","8/29/2018 10:34"
"84,437,136,000,153.00","POSTO MARECHAL","JARAGUA DO SUL","SC","Gasolina C Comum","4.175","7/13/2018 8:55"
"84,437,136,000,153.00","POSTO MARECHAL","JARAGUA DO SUL","SC","Etanol","3.375","7/13/2018 8:55"
"84,437,136,000,153.00","POSTO MARECHAL","JARAGUA DO SUL","SC","Diesel S10","3.335","7/13/2018 8:55"
"87,012,050,000,177.00","POSTO COOMOCA","CACHOEIRA DO SUL","RS","Gasolina C Comum","4","7/13/2018 10:57"
"87,012,050,000,177.00","POSTO COOMOCA","CACHOEIRA DO SUL","RS","Etanol","3","7/13/2018 10:57"
"87,012,050,000,177.00","POSTO COOMOCA","CACHOEIRA DO SUL","RS","Diesel S500","3","7/13/2018 10:57"
"87,012,050,000,177.00","POSTO COOMOCA","CACHOEIRA DO SUL","RS","Diesel S10","3","7/13/2018 10:57"
"87,246,179,000,301.00","DISTRIBUIDORA DE GAS PINGUIM","LAJEADO","RS","Gasolina C Comum","4.399","23/10/2019 14:59"
"87,246,179,000,301.00","DISTRIBUIDORA DE GAS PINGUIM","LAJEADO","RS","Diesel S500","3.759","23/10/2019 14:58"
"87,246,179,000,301.00","DISTRIBUIDORA DE GAS PINGUIM","LAJEADO","RS","Diesel S10","3.859","23/10/2019 14:58"
"91,424,135,000,130.00","ABASTECEDORA TRES AMIGOS LTDA","NOVO HAMBURGO","RS","Gasolina C Comum","4.599","7/14/2018 10:17"
"91,424,135,000,130.00","ABASTECEDORA TRES AMIGOS LTDA","NOVO HAMBURGO","RS","GNV","2.899","7/14/2018 10:17"
"91,424,135,000,130.00","ABASTECEDORA TRES AMIGOS LTDA","NOVO HAMBURGO","RS","Diesel S500","3.199","7/14/2018 10:17"
"91,424,135,000,130.00","ABASTECEDORA TRES AMIGOS LTDA","NOVO HAMBURGO","RS","Diesel S10","3.299","7/14/2018 10:17"
"93,777,456,000,143.00","POSTO PAMPEANO II","CACAPAVA DO SUL","RS","Gasolina C Comum","4.947","6/29/2018 12:01"
"93,777,456,000,143.00","POSTO PAMPEANO II","CACAPAVA DO SUL","RS","Etanol","4.149","6/29/2018 12:01"
"93,777,456,000,143.00","POSTO PAMPEANO II","CACAPAVA DO SUL","RS","Diesel S500","3.327","6/29/2018 12:01"
"93,777,456,000,143.00","POSTO PAMPEANO II","CACAPAVA DO SUL","RS","Diesel S10","3.394","6/29/2018 12:01"
"98,749,864,000,105.00","FIGUEIRA CENTRO COMERCIO E DERIVADOS DE COMBUSTIVEIS LTDA","VIAMAO","RS","Gasolina C Comum","4.399","14/10/2019 16:52"
"98,749,864,000,105.00","FIGUEIRA CENTRO COMERCIO E DERIVADOS DE COMBUSTIVEIS LTDA","VIAMAO","RS","Diesel S500","3.4","14/10/2019 16:52"
"98,749,864,000,105.00","FIGUEIRA CENTRO COMERCIO E DERIVADOS DE COMBUSTIVEIS LTDA","VIAMAO","RS","Diesel S10","3.499","14/10/2019 16:52"
